,SexOfEmployee,TypeOfEmploymentContract,OtherCharacteristicsEmployee,IndustryClassBranchSIC2008,Periods,Jobs_1
12,Total,Total,Total,A-U All economic activities,2020,8391.0
26,Total,Total,Total,A-F Agriculture and industry,2020,1287.0
40,Total,Total,Total,"A Agriculture, forestry and fishing",2020,112.0
54,Total,Total,Total,B-F Manifacturing and energy,2020,1175.0
68,Total,Total,Total,"B-E Industry (no construction), energy",2020,839.0
82,Total,Total,Total,B Mining and quarrying ,2020,8.0
96,Total,Total,Total,C Manufacturing,2020,766.0
110,Total,Total,Total,D Energy supply,2020,29.0
124,Total,Total,Total,E Water supply and waste management,2020,36.0
138,Total,Total,Total,F Construction,2020,336.0
152,Total,Total,Total,G-N Commercial services,2020,4328.0
166,Total,Total,Total,"G-I Trade, transport, hotels, catering",2020,2192.0
180,Total,Total,Total,G Wholesale and retail trade,2020,1411.0
194,Total,Total,Total,H Transportation and storage,2020,386.0
208,Total,Total,Total,I Accommodation and food serving,2020,396.0
222,Total,Total,Total,J Information and communication,2020,290.0
236,Total,Total,Total,K Financial institutions,2020,274.0
250,Total,Total,Total,"L Renting, buying, selling real estate",2020,68.0
264,Total,Total,Total,M-N Business services,2020,1503.0
278,Total,Total,Total,M Other specialised business services,2020,531.0
292,Total,Total,Total,N Renting and other business support,2020,973.0
306,Total,Total,Total,O-U Noncommercial services,2020,2776.0
320,Total,Total,Total,O-Q Government and care,2020,2512.0
334,Total,Total,Total,O Public administration and services,2020,537.0
348,Total,Total,Total,P Education,2020,542.0
362,Total,Total,Total,Q Health and social work activities,2020,1433.0
376,Total,Total,Total,"R-U Culture, recreation, other services",2020,265.0
390,Total,Total,Total,"R Culture, sports and recreation",2020,133.0
404,Total,Total,Total,S Other service activities,2020,132.0
418,Total,Total,Younger than 15 years,A-U All economic activities,2020,16.0
432,Total,Total,Younger than 15 years,A-F Agriculture and industry,2020,4.0
446,Total,Total,Younger than 15 years,"A Agriculture, forestry and fishing",2020,4.0
460,Total,Total,Younger than 15 years,B-F Manifacturing and energy,2020,1.0
474,Total,Total,Younger than 15 years,"B-E Industry (no construction), energy",2020,1.0
488,Total,Total,Younger than 15 years,B Mining and quarrying ,2020,0.0
502,Total,Total,Younger than 15 years,C Manufacturing,2020,1.0
516,Total,Total,Younger than 15 years,D Energy supply,2020,0.0
530,Total,Total,Younger than 15 years,E Water supply and waste management,2020,0.0
544,Total,Total,Younger than 15 years,F Construction,2020,0.0
558,Total,Total,Younger than 15 years,G-N Commercial services,2020,12.0
572,Total,Total,Younger than 15 years,"G-I Trade, transport, hotels, catering",2020,10.0
586,Total,Total,Younger than 15 years,G Wholesale and retail trade,2020,8.0
600,Total,Total,Younger than 15 years,H Transportation and storage,2020,0.0
614,Total,Total,Younger than 15 years,I Accommodation and food serving,2020,3.0
628,Total,Total,Younger than 15 years,J Information and communication,2020,0.0
642,Total,Total,Younger than 15 years,K Financial institutions,2020,0.0
656,Total,Total,Younger than 15 years,"L Renting, buying, selling real estate",2020,0.0
670,Total,Total,Younger than 15 years,M-N Business services,2020,1.0
684,Total,Total,Younger than 15 years,M Other specialised business services,2020,0.0
698,Total,Total,Younger than 15 years,N Renting and other business support,2020,1.0
712,Total,Total,Younger than 15 years,O-U Noncommercial services,2020,0.0
726,Total,Total,Younger than 15 years,O-Q Government and care,2020,0.0
740,Total,Total,Younger than 15 years,O Public administration and services,2020,0.0
754,Total,Total,Younger than 15 years,P Education,2020,0.0
768,Total,Total,Younger than 15 years,Q Health and social work activities,2020,0.0
782,Total,Total,Younger than 15 years,"R-U Culture, recreation, other services",2020,0.0
796,Total,Total,Younger than 15 years,"R Culture, sports and recreation",2020,0.0
810,Total,Total,Younger than 15 years,S Other service activities,2020,0.0
824,Total,Total,15 to 19 years,A-U All economic activities,2020,631.0
838,Total,Total,15 to 19 years,A-F Agriculture and industry,2020,53.0
852,Total,Total,15 to 19 years,"A Agriculture, forestry and fishing",2020,19.0
866,Total,Total,15 to 19 years,B-F Manifacturing and energy,2020,34.0
880,Total,Total,15 to 19 years,"B-E Industry (no construction), energy",2020,22.0
894,Total,Total,15 to 19 years,B Mining and quarrying ,2020,0.0
908,Total,Total,15 to 19 years,C Manufacturing,2020,22.0
922,Total,Total,15 to 19 years,D Energy supply,2020,0.0
936,Total,Total,15 to 19 years,E Water supply and waste management,2020,0.0
950,Total,Total,15 to 19 years,F Construction,2020,12.0
964,Total,Total,15 to 19 years,G-N Commercial services,2020,501.0
978,Total,Total,15 to 19 years,"G-I Trade, transport, hotels, catering",2020,419.0
992,Total,Total,15 to 19 years,G Wholesale and retail trade,2020,297.0
1006,Total,Total,15 to 19 years,H Transportation and storage,2020,9.0
1020,Total,Total,15 to 19 years,I Accommodation and food serving,2020,113.0
1034,Total,Total,15 to 19 years,J Information and communication,2020,5.0
1048,Total,Total,15 to 19 years,K Financial institutions,2020,2.0
1062,Total,Total,15 to 19 years,"L Renting, buying, selling real estate",2020,1.0
1076,Total,Total,15 to 19 years,M-N Business services,2020,73.0
1090,Total,Total,15 to 19 years,M Other specialised business services,2020,10.0
1104,Total,Total,15 to 19 years,N Renting and other business support,2020,63.0
1118,Total,Total,15 to 19 years,O-U Noncommercial services,2020,78.0
1132,Total,Total,15 to 19 years,O-Q Government and care,2020,60.0
1146,Total,Total,15 to 19 years,O Public administration and services,2020,6.0
1160,Total,Total,15 to 19 years,P Education,2020,9.0
1174,Total,Total,15 to 19 years,Q Health and social work activities,2020,44.0
1188,Total,Total,15 to 19 years,"R-U Culture, recreation, other services",2020,18.0
1202,Total,Total,15 to 19 years,"R Culture, sports and recreation",2020,11.0
1216,Total,Total,15 to 19 years,S Other service activities,2020,7.0
1230,Total,Total,20 to 24 years,A-U All economic activities,2020,844.0
1244,Total,Total,20 to 24 years,A-F Agriculture and industry,2020,85.0
1258,Total,Total,20 to 24 years,"A Agriculture, forestry and fishing",2020,14.0
1272,Total,Total,20 to 24 years,B-F Manifacturing and energy,2020,70.0
1286,Total,Total,20 to 24 years,"B-E Industry (no construction), energy",2020,45.0
1300,Total,Total,20 to 24 years,B Mining and quarrying ,2020,0.0
1314,Total,Total,20 to 24 years,C Manufacturing,2020,43.0
1328,Total,Total,20 to 24 years,D Energy supply,2020,1.0
1342,Total,Total,20 to 24 years,E Water supply and waste management,2020,1.0
1356,Total,Total,20 to 24 years,F Construction,2020,25.0
1370,Total,Total,20 to 24 years,G-N Commercial services,2020,534.0
1384,Total,Total,20 to 24 years,"G-I Trade, transport, hotels, catering",2020,295.0
1398,Total,Total,20 to 24 years,G Wholesale and retail trade,2020,181.0
1412,Total,Total,20 to 24 years,H Transportation and storage,2020,27.0
1426,Total,Total,20 to 24 years,I Accommodation and food serving,2020,86.0
1440,Total,Total,20 to 24 years,J Information and communication,2020,23.0
1454,Total,Total,20 to 24 years,K Financial institutions,2020,9.0
1468,Total,Total,20 to 24 years,"L Renting, buying, selling real estate",2020,4.0
1482,Total,Total,20 to 24 years,M-N Business services,2020,204.0
1496,Total,Total,20 to 24 years,M Other specialised business services,2020,45.0
1510,Total,Total,20 to 24 years,N Renting and other business support,2020,159.0
1524,Total,Total,20 to 24 years,O-U Noncommercial services,2020,225.0
1538,Total,Total,20 to 24 years,O-Q Government and care,2020,190.0
1552,Total,Total,20 to 24 years,O Public administration and services,2020,22.0
1566,Total,Total,20 to 24 years,P Education,2020,36.0
1580,Total,Total,20 to 24 years,Q Health and social work activities,2020,132.0
1594,Total,Total,20 to 24 years,"R-U Culture, recreation, other services",2020,35.0
1608,Total,Total,20 to 24 years,"R Culture, sports and recreation",2020,21.0
1622,Total,Total,20 to 24 years,S Other service activities,2020,14.0
1636,Total,Total,25 to 29 years,A-U All economic activities,2020,931.0
1650,Total,Total,25 to 29 years,A-F Agriculture and industry,2020,112.0
1664,Total,Total,25 to 29 years,"A Agriculture, forestry and fishing",2020,10.0
1678,Total,Total,25 to 29 years,B-F Manifacturing and energy,2020,102.0
1692,Total,Total,25 to 29 years,"B-E Industry (no construction), energy",2020,70.0
1706,Total,Total,25 to 29 years,B Mining and quarrying ,2020,1.0
1720,Total,Total,25 to 29 years,C Manufacturing,2020,64.0
1734,Total,Total,25 to 29 years,D Energy supply,2020,2.0
1748,Total,Total,25 to 29 years,E Water supply and waste management,2020,3.0
1762,Total,Total,25 to 29 years,F Construction,2020,32.0
1776,Total,Total,25 to 29 years,G-N Commercial services,2020,523.0
1790,Total,Total,25 to 29 years,"G-I Trade, transport, hotels, catering",2020,217.0
1804,Total,Total,25 to 29 years,G Wholesale and retail trade,2020,137.0
1818,Total,Total,25 to 29 years,H Transportation and storage,2020,35.0
1832,Total,Total,25 to 29 years,I Accommodation and food serving,2020,45.0
1846,Total,Total,25 to 29 years,J Information and communication,2020,47.0
1860,Total,Total,25 to 29 years,K Financial institutions,2020,22.0
1874,Total,Total,25 to 29 years,"L Renting, buying, selling real estate",2020,6.0
1888,Total,Total,25 to 29 years,M-N Business services,2020,230.0
1902,Total,Total,25 to 29 years,M Other specialised business services,2020,82.0
1916,Total,Total,25 to 29 years,N Renting and other business support,2020,149.0
1930,Total,Total,25 to 29 years,O-U Noncommercial services,2020,296.0
1944,Total,Total,25 to 29 years,O-Q Government and care,2020,264.0
1958,Total,Total,25 to 29 years,O Public administration and services,2020,42.0
1972,Total,Total,25 to 29 years,P Education,2020,57.0
1986,Total,Total,25 to 29 years,Q Health and social work activities,2020,165.0
2000,Total,Total,25 to 29 years,"R-U Culture, recreation, other services",2020,32.0
2014,Total,Total,25 to 29 years,"R Culture, sports and recreation",2020,17.0
2028,Total,Total,25 to 29 years,S Other service activities,2020,15.0
2042,Total,Total,30 to 34 years,A-U All economic activities,2020,883.0
2056,Total,Total,30 to 34 years,A-F Agriculture and industry,2020,125.0
2070,Total,Total,30 to 34 years,"A Agriculture, forestry and fishing",2020,9.0
2084,Total,Total,30 to 34 years,B-F Manifacturing and energy,2020,116.0
2098,Total,Total,30 to 34 years,"B-E Industry (no construction), energy",2020,81.0
2112,Total,Total,30 to 34 years,B Mining and quarrying ,2020,1.0
2126,Total,Total,30 to 34 years,C Manufacturing,2020,73.0
2140,Total,Total,30 to 34 years,D Energy supply,2020,3.0
2154,Total,Total,30 to 34 years,E Water supply and waste management,2020,4.0
2168,Total,Total,30 to 34 years,F Construction,2020,35.0
2182,Total,Total,30 to 34 years,G-N Commercial services,2020,458.0
2196,Total,Total,30 to 34 years,"G-I Trade, transport, hotels, catering",2020,190.0
2210,Total,Total,30 to 34 years,G Wholesale and retail trade,2020,123.0
2224,Total,Total,30 to 34 years,H Transportation and storage,2020,38.0
2238,Total,Total,30 to 34 years,I Accommodation and food serving,2020,30.0
2252,Total,Total,30 to 34 years,J Information and communication,2020,49.0
2266,Total,Total,30 to 34 years,K Financial institutions,2020,29.0
2280,Total,Total,30 to 34 years,"L Renting, buying, selling real estate",2020,7.0
2294,Total,Total,30 to 34 years,M-N Business services,2020,183.0
2308,Total,Total,30 to 34 years,M Other specialised business services,2020,71.0
2322,Total,Total,30 to 34 years,N Renting and other business support,2020,112.0
2336,Total,Total,30 to 34 years,O-U Noncommercial services,2020,300.0
2350,Total,Total,30 to 34 years,O-Q Government and care,2020,273.0
2364,Total,Total,30 to 34 years,O Public administration and services,2020,50.0
2378,Total,Total,30 to 34 years,P Education,2020,63.0
2392,Total,Total,30 to 34 years,Q Health and social work activities,2020,159.0
2406,Total,Total,30 to 34 years,"R-U Culture, recreation, other services",2020,27.0
2420,Total,Total,30 to 34 years,"R Culture, sports and recreation",2020,13.0
2434,Total,Total,30 to 34 years,S Other service activities,2020,14.0
2448,Total,Total,35 to 39 years,A-U All economic activities,2020,807.0
2462,Total,Total,35 to 39 years,A-F Agriculture and industry,2020,126.0
2476,Total,Total,35 to 39 years,"A Agriculture, forestry and fishing",2020,8.0
2490,Total,Total,35 to 39 years,B-F Manifacturing and energy,2020,118.0
2504,Total,Total,35 to 39 years,"B-E Industry (no construction), energy",2020,82.0
2518,Total,Total,35 to 39 years,B Mining and quarrying ,2020,1.0
2532,Total,Total,35 to 39 years,C Manufacturing,2020,74.0
2546,Total,Total,35 to 39 years,D Energy supply,2020,4.0
2560,Total,Total,35 to 39 years,E Water supply and waste management,2020,4.0
2574,Total,Total,35 to 39 years,F Construction,2020,36.0
2588,Total,Total,35 to 39 years,G-N Commercial services,2020,400.0
2602,Total,Total,35 to 39 years,"G-I Trade, transport, hotels, catering",2020,170.0
2616,Total,Total,35 to 39 years,G Wholesale and retail trade,2020,110.0
2630,Total,Total,35 to 39 years,H Transportation and storage,2020,36.0
2644,Total,Total,35 to 39 years,I Accommodation and food serving,2020,23.0
2658,Total,Total,35 to 39 years,J Information and communication,2020,40.0
2672,Total,Total,35 to 39 years,K Financial institutions,2020,32.0
2686,Total,Total,35 to 39 years,"L Renting, buying, selling real estate",2020,7.0
2700,Total,Total,35 to 39 years,M-N Business services,2020,152.0
2714,Total,Total,35 to 39 years,M Other specialised business services,2020,60.0
2728,Total,Total,35 to 39 years,N Renting and other business support,2020,92.0
2742,Total,Total,35 to 39 years,O-U Noncommercial services,2020,280.0
2756,Total,Total,35 to 39 years,O-Q Government and care,2020,256.0
2770,Total,Total,35 to 39 years,O Public administration and services,2020,55.0
2784,Total,Total,35 to 39 years,P Education,2020,63.0
2798,Total,Total,35 to 39 years,Q Health and social work activities,2020,138.0
2812,Total,Total,35 to 39 years,"R-U Culture, recreation, other services",2020,24.0
2826,Total,Total,35 to 39 years,"R Culture, sports and recreation",2020,11.0
2840,Total,Total,35 to 39 years,S Other service activities,2020,13.0
2854,Total,Total,40 to 44 years,A-U All economic activities,2020,780.0
2868,Total,Total,40 to 44 years,A-F Agriculture and industry,2020,131.0
2882,Total,Total,40 to 44 years,"A Agriculture, forestry and fishing",2020,8.0
2896,Total,Total,40 to 44 years,B-F Manifacturing and energy,2020,123.0
2910,Total,Total,40 to 44 years,"B-E Industry (no construction), energy",2020,85.0
2924,Total,Total,40 to 44 years,B Mining and quarrying ,2020,1.0
2938,Total,Total,40 to 44 years,C Manufacturing,2020,77.0
2952,Total,Total,40 to 44 years,D Energy supply,2020,3.0
2966,Total,Total,40 to 44 years,E Water supply and waste management,2020,4.0
2980,Total,Total,40 to 44 years,F Construction,2020,38.0
2994,Total,Total,40 to 44 years,G-N Commercial services,2020,375.0
3008,Total,Total,40 to 44 years,"G-I Trade, transport, hotels, catering",2020,162.0
3022,Total,Total,40 to 44 years,G Wholesale and retail trade,2020,106.0
3036,Total,Total,40 to 44 years,H Transportation and storage,2020,36.0
3050,Total,Total,40 to 44 years,I Accommodation and food serving,2020,20.0
3064,Total,Total,40 to 44 years,J Information and communication,2020,31.0
3078,Total,Total,40 to 44 years,K Financial institutions,2020,34.0
3092,Total,Total,40 to 44 years,"L Renting, buying, selling real estate",2020,8.0
3106,Total,Total,40 to 44 years,M-N Business services,2020,140.0
3120,Total,Total,40 to 44 years,M Other specialised business services,2020,56.0
3134,Total,Total,40 to 44 years,N Renting and other business support,2020,84.0
3148,Total,Total,40 to 44 years,O-U Noncommercial services,2020,274.0
3162,Total,Total,40 to 44 years,O-Q Government and care,2020,251.0
3176,Total,Total,40 to 44 years,O Public administration and services,2020,59.0
3190,Total,Total,40 to 44 years,P Education,2020,60.0
3204,Total,Total,40 to 44 years,Q Health and social work activities,2020,132.0
3218,Total,Total,40 to 44 years,"R-U Culture, recreation, other services",2020,22.0
3232,Total,Total,40 to 44 years,"R Culture, sports and recreation",2020,10.0
3246,Total,Total,40 to 44 years,S Other service activities,2020,12.0
3260,Total,Total,45 to 49 years,A-U All economic activities,2020,867.0
3274,Total,Total,45 to 49 years,A-F Agriculture and industry,2020,157.0
3288,Total,Total,45 to 49 years,"A Agriculture, forestry and fishing",2020,10.0
3302,Total,Total,45 to 49 years,B-F Manifacturing and energy,2020,147.0
3316,Total,Total,45 to 49 years,"B-E Industry (no construction), energy",2020,105.0
3330,Total,Total,45 to 49 years,B Mining and quarrying ,2020,1.0
3344,Total,Total,45 to 49 years,C Manufacturing,2020,96.0
3358,Total,Total,45 to 49 years,D Energy supply,2020,3.0
3372,Total,Total,45 to 49 years,E Water supply and waste management,2020,5.0
3386,Total,Total,45 to 49 years,F Construction,2020,42.0
3400,Total,Total,45 to 49 years,G-N Commercial services,2020,414.0
3414,Total,Total,45 to 49 years,"G-I Trade, transport, hotels, catering",2020,187.0
3428,Total,Total,45 to 49 years,G Wholesale and retail trade,2020,123.0
3442,Total,Total,45 to 49 years,H Transportation and storage,2020,44.0
3456,Total,Total,45 to 49 years,I Accommodation and food serving,2020,20.0
3470,Total,Total,45 to 49 years,J Information and communication,2020,31.0
3484,Total,Total,45 to 49 years,K Financial institutions,2020,41.0
3498,Total,Total,45 to 49 years,"L Renting, buying, selling real estate",2020,9.0
3512,Total,Total,45 to 49 years,M-N Business services,2020,146.0
3526,Total,Total,45 to 49 years,M Other specialised business services,2020,58.0
3540,Total,Total,45 to 49 years,N Renting and other business support,2020,87.0
3554,Total,Total,45 to 49 years,O-U Noncommercial services,2020,296.0
3568,Total,Total,45 to 49 years,O-Q Government and care,2020,271.0
3582,Total,Total,45 to 49 years,O Public administration and services,2020,68.0
3596,Total,Total,45 to 49 years,P Education,2020,57.0
3610,Total,Total,45 to 49 years,Q Health and social work activities,2020,146.0
3624,Total,Total,45 to 49 years,"R-U Culture, recreation, other services",2020,25.0
3638,Total,Total,45 to 49 years,"R Culture, sports and recreation",2020,12.0
3652,Total,Total,45 to 49 years,S Other service activities,2020,13.0
3666,Total,Total,50 to 54 years,A-U All economic activities,2020,939.0
3680,Total,Total,50 to 54 years,A-F Agriculture and industry,2020,180.0
3694,Total,Total,50 to 54 years,"A Agriculture, forestry and fishing",2020,11.0
3708,Total,Total,50 to 54 years,B-F Manifacturing and energy,2020,169.0
3722,Total,Total,50 to 54 years,"B-E Industry (no construction), energy",2020,124.0
3736,Total,Total,50 to 54 years,B Mining and quarrying ,2020,1.0
3750,Total,Total,50 to 54 years,C Manufacturing,2020,114.0
3764,Total,Total,50 to 54 years,D Energy supply,2020,4.0
3778,Total,Total,50 to 54 years,E Water supply and waste management,2020,6.0
3792,Total,Total,50 to 54 years,F Construction,2020,45.0
3806,Total,Total,50 to 54 years,G-N Commercial services,2020,424.0
3820,Total,Total,50 to 54 years,"G-I Trade, transport, hotels, catering",2020,201.0
3834,Total,Total,50 to 54 years,G Wholesale and retail trade,2020,128.0
3848,Total,Total,50 to 54 years,H Transportation and storage,2020,52.0
3862,Total,Total,50 to 54 years,I Accommodation and food serving,2020,21.0
3876,Total,Total,50 to 54 years,J Information and communication,2020,29.0
3890,Total,Total,50 to 54 years,K Financial institutions,2020,42.0
3904,Total,Total,50 to 54 years,"L Renting, buying, selling real estate",2020,9.0
3918,Total,Total,50 to 54 years,M-N Business services,2020,143.0
3932,Total,Total,50 to 54 years,M Other specialised business services,2020,58.0
3946,Total,Total,50 to 54 years,N Renting and other business support,2020,85.0
3960,Total,Total,50 to 54 years,O-U Noncommercial services,2020,336.0
3974,Total,Total,50 to 54 years,O-Q Government and care,2020,308.0
3988,Total,Total,50 to 54 years,O Public administration and services,2020,76.0
4002,Total,Total,50 to 54 years,P Education,2020,59.0
4016,Total,Total,50 to 54 years,Q Health and social work activities,2020,173.0
4030,Total,Total,50 to 54 years,"R-U Culture, recreation, other services",2020,27.0
4044,Total,Total,50 to 54 years,"R Culture, sports and recreation",2020,13.0
4058,Total,Total,50 to 54 years,S Other service activities,2020,15.0
4072,Total,Total,55 to 59 years,A-U All economic activities,2020,860.0
4086,Total,Total,55 to 59 years,A-F Agriculture and industry,2020,163.0
4100,Total,Total,55 to 59 years,"A Agriculture, forestry and fishing",2020,9.0
4114,Total,Total,55 to 59 years,B-F Manifacturing and energy,2020,154.0
4128,Total,Total,55 to 59 years,"B-E Industry (no construction), energy",2020,117.0
4142,Total,Total,55 to 59 years,B Mining and quarrying ,2020,1.0
4156,Total,Total,55 to 59 years,C Manufacturing,2020,107.0
4170,Total,Total,55 to 59 years,D Energy supply,2020,4.0
4184,Total,Total,55 to 59 years,E Water supply and waste management,2020,5.0
4198,Total,Total,55 to 59 years,F Construction,2020,37.0
4212,Total,Total,55 to 59 years,G-N Commercial services,2020,346.0
4226,Total,Total,55 to 59 years,"G-I Trade, transport, hotels, catering",2020,169.0
4240,Total,Total,55 to 59 years,G Wholesale and retail trade,2020,102.0
4254,Total,Total,55 to 59 years,H Transportation and storage,2020,51.0
4268,Total,Total,55 to 59 years,I Accommodation and food serving,2020,17.0
4282,Total,Total,55 to 59 years,J Information and communication,2020,20.0
4296,Total,Total,55 to 59 years,K Financial institutions,2020,31.0
4310,Total,Total,55 to 59 years,"L Renting, buying, selling real estate",2020,8.0
4324,Total,Total,55 to 59 years,M-N Business services,2020,117.0
4338,Total,Total,55 to 59 years,M Other specialised business services,2020,46.0
4352,Total,Total,55 to 59 years,N Renting and other business support,2020,71.0
4366,Total,Total,55 to 59 years,O-U Noncommercial services,2020,351.0
4380,Total,Total,55 to 59 years,O-Q Government and care,2020,325.0
4394,Total,Total,55 to 59 years,O Public administration and services,2020,82.0
4408,Total,Total,55 to 59 years,P Education,2020,63.0
4422,Total,Total,55 to 59 years,Q Health and social work activities,2020,180.0
4436,Total,Total,55 to 59 years,"R-U Culture, recreation, other services",2020,25.0
4450,Total,Total,55 to 59 years,"R Culture, sports and recreation",2020,12.0
4464,Total,Total,55 to 59 years,S Other service activities,2020,13.0
4478,Total,Total,60 to 64 years,A-U All economic activities,2020,626.0
4492,Total,Total,60 to 64 years,A-F Agriculture and industry,2020,116.0
4506,Total,Total,60 to 64 years,"A Agriculture, forestry and fishing",2020,6.0
4520,Total,Total,60 to 64 years,B-F Manifacturing and energy,2020,110.0
4534,Total,Total,60 to 64 years,"B-E Industry (no construction), energy",2020,83.0
4548,Total,Total,60 to 64 years,B Mining and quarrying ,2020,1.0
4562,Total,Total,60 to 64 years,C Manufacturing,2020,76.0
4576,Total,Total,60 to 64 years,D Energy supply,2020,3.0
4590,Total,Total,60 to 64 years,E Water supply and waste management,2020,4.0
4604,Total,Total,60 to 64 years,F Construction,2020,27.0
4618,Total,Total,60 to 64 years,G-N Commercial services,2020,232.0
4632,Total,Total,60 to 64 years,"G-I Trade, transport, hotels, catering",2020,117.0
4646,Total,Total,60 to 64 years,G Wholesale and retail trade,2020,66.0
4660,Total,Total,60 to 64 years,H Transportation and storage,2020,40.0
4674,Total,Total,60 to 64 years,I Accommodation and food serving,2020,12.0
4688,Total,Total,60 to 64 years,J Information and communication,2020,12.0
4702,Total,Total,60 to 64 years,K Financial institutions,2020,20.0
4716,Total,Total,60 to 64 years,"L Renting, buying, selling real estate",2020,6.0
4730,Total,Total,60 to 64 years,M-N Business services,2020,77.0
4744,Total,Total,60 to 64 years,M Other specialised business services,2020,30.0
4758,Total,Total,60 to 64 years,N Renting and other business support,2020,46.0
4772,Total,Total,60 to 64 years,O-U Noncommercial services,2020,277.0
4786,Total,Total,60 to 64 years,O-Q Government and care,2020,258.0
4800,Total,Total,60 to 64 years,O Public administration and services,2020,64.0
4814,Total,Total,60 to 64 years,P Education,2020,60.0
4828,Total,Total,60 to 64 years,Q Health and social work activities,2020,135.0
4842,Total,Total,60 to 64 years,"R-U Culture, recreation, other services",2020,20.0
4856,Total,Total,60 to 64 years,"R Culture, sports and recreation",2020,9.0
4870,Total,Total,60 to 64 years,S Other service activities,2020,10.0
4884,Total,Total,65 to 74 years,A-U All economic activities,2020,193.0
4898,Total,Total,65 to 74 years,A-F Agriculture and industry,2020,32.0
4912,Total,Total,65 to 74 years,"A Agriculture, forestry and fishing",2020,3.0
4926,Total,Total,65 to 74 years,B-F Manifacturing and energy,2020,29.0
4940,Total,Total,65 to 74 years,"B-E Industry (no construction), energy",2020,21.0
4954,Total,Total,65 to 74 years,B Mining and quarrying ,2020,0.0
4968,Total,Total,65 to 74 years,C Manufacturing,2020,19.0
4982,Total,Total,65 to 74 years,D Energy supply,2020,1.0
4996,Total,Total,65 to 74 years,E Water supply and waste management,2020,1.0
5010,Total,Total,65 to 74 years,F Construction,2020,8.0
5024,Total,Total,65 to 74 years,G-N Commercial services,2020,99.0
5038,Total,Total,65 to 74 years,"G-I Trade, transport, hotels, catering",2020,50.0
5052,Total,Total,65 to 74 years,G Wholesale and retail trade,2020,27.0
5066,Total,Total,65 to 74 years,H Transportation and storage,2020,17.0
5080,Total,Total,65 to 74 years,I Accommodation and food serving,2020,5.0
5094,Total,Total,65 to 74 years,J Information and communication,2020,3.0
5108,Total,Total,65 to 74 years,K Financial institutions,2020,10.0
5122,Total,Total,65 to 74 years,"L Renting, buying, selling real estate",2020,3.0
5136,Total,Total,65 to 74 years,M-N Business services,2020,34.0
5150,Total,Total,65 to 74 years,M Other specialised business services,2020,13.0
5164,Total,Total,65 to 74 years,N Renting and other business support,2020,21.0
5178,Total,Total,65 to 74 years,O-U Noncommercial services,2020,62.0
5192,Total,Total,65 to 74 years,O-Q Government and care,2020,54.0
5206,Total,Total,65 to 74 years,O Public administration and services,2020,13.0
5220,Total,Total,65 to 74 years,P Education,2020,14.0
5234,Total,Total,65 to 74 years,Q Health and social work activities,2020,27.0
5248,Total,Total,65 to 74 years,"R-U Culture, recreation, other services",2020,8.0
5262,Total,Total,65 to 74 years,"R Culture, sports and recreation",2020,3.0
5276,Total,Total,65 to 74 years,S Other service activities,2020,4.0
5290,Total,Total,75 years or older,A-U All economic activities,2020,15.0
5304,Total,Total,75 years or older,A-F Agriculture and industry,2020,2.0
5318,Total,Total,75 years or older,"A Agriculture, forestry and fishing",2020,1.0
5332,Total,Total,75 years or older,B-F Manifacturing and energy,2020,2.0
5346,Total,Total,75 years or older,"B-E Industry (no construction), energy",2020,1.0
5360,Total,Total,75 years or older,B Mining and quarrying ,2020,0.0
5374,Total,Total,75 years or older,C Manufacturing,2020,1.0
5388,Total,Total,75 years or older,D Energy supply,2020,0.0
5402,Total,Total,75 years or older,E Water supply and waste management,2020,0.0
5416,Total,Total,75 years or older,F Construction,2020,1.0
5430,Total,Total,75 years or older,G-N Commercial services,2020,11.0
5444,Total,Total,75 years or older,"G-I Trade, transport, hotels, catering",2020,5.0
5458,Total,Total,75 years or older,G Wholesale and retail trade,2020,3.0
5472,Total,Total,75 years or older,H Transportation and storage,2020,1.0
5486,Total,Total,75 years or older,I Accommodation and food serving,2020,0.0
5500,Total,Total,75 years or older,J Information and communication,2020,0.0
5514,Total,Total,75 years or older,K Financial institutions,2020,2.0
5528,Total,Total,75 years or older,"L Renting, buying, selling real estate",2020,1.0
5542,Total,Total,75 years or older,M-N Business services,2020,3.0
5556,Total,Total,75 years or older,M Other specialised business services,2020,1.0
5570,Total,Total,75 years or older,N Renting and other business support,2020,1.0
5584,Total,Total,75 years or older,O-U Noncommercial services,2020,2.0
5598,Total,Total,75 years or older,O-Q Government and care,2020,1.0
5612,Total,Total,75 years or older,O Public administration and services,2020,0.0
5626,Total,Total,75 years or older,P Education,2020,0.0
5640,Total,Total,75 years or older,Q Health and social work activities,2020,0.0
5654,Total,Total,75 years or older,"R-U Culture, recreation, other services",2020,1.0
5668,Total,Total,75 years or older,"R Culture, sports and recreation",2020,0.0
5682,Total,Total,75 years or older,S Other service activities,2020,0.0
23154,Sex: Male,Total,Total,A-U All economic activities,2020,4362.0
23168,Sex: Male,Total,Total,A-F Agriculture and industry,2020,1016.0
23182,Sex: Male,Total,Total,"A Agriculture, forestry and fishing",2020,73.0
23196,Sex: Male,Total,Total,B-F Manifacturing and energy,2020,943.0
23210,Sex: Male,Total,Total,"B-E Industry (no construction), energy",2020,649.0
23224,Sex: Male,Total,Total,B Mining and quarrying ,2020,7.0
23238,Sex: Male,Total,Total,C Manufacturing,2020,592.0
23252,Sex: Male,Total,Total,D Energy supply,2020,21.0
23266,Sex: Male,Total,Total,E Water supply and waste management,2020,29.0
23280,Sex: Male,Total,Total,F Construction,2020,294.0
23294,Sex: Male,Total,Total,G-N Commercial services,2020,2517.0
23308,Sex: Male,Total,Total,"G-I Trade, transport, hotels, catering",2020,1240.0
23322,Sex: Male,Total,Total,G Wholesale and retail trade,2020,753.0
23336,Sex: Male,Total,Total,H Transportation and storage,2020,291.0
23350,Sex: Male,Total,Total,I Accommodation and food serving,2020,196.0
23364,Sex: Male,Total,Total,J Information and communication,2020,210.0
23378,Sex: Male,Total,Total,K Financial institutions,2020,166.0
23392,Sex: Male,Total,Total,"L Renting, buying, selling real estate",2020,35.0
23406,Sex: Male,Total,Total,M-N Business services,2020,867.0
23420,Sex: Male,Total,Total,M Other specialised business services,2020,310.0
23434,Sex: Male,Total,Total,N Renting and other business support,2020,557.0
23448,Sex: Male,Total,Total,O-U Noncommercial services,2020,828.0
23462,Sex: Male,Total,Total,O-Q Government and care,2020,720.0
23476,Sex: Male,Total,Total,O Public administration and services,2020,307.0
23490,Sex: Male,Total,Total,P Education,2020,189.0
23504,Sex: Male,Total,Total,Q Health and social work activities,2020,224.0
23518,Sex: Male,Total,Total,"R-U Culture, recreation, other services",2020,108.0
23532,Sex: Male,Total,Total,"R Culture, sports and recreation",2020,63.0
23546,Sex: Male,Total,Total,S Other service activities,2020,45.0
23560,Sex: Male,Total,Younger than 15 years,A-U All economic activities,2020,9.0
23574,Sex: Male,Total,Younger than 15 years,A-F Agriculture and industry,2020,3.0
23588,Sex: Male,Total,Younger than 15 years,"A Agriculture, forestry and fishing",2020,2.0
23602,Sex: Male,Total,Younger than 15 years,B-F Manifacturing and energy,2020,0.0
23616,Sex: Male,Total,Younger than 15 years,"B-E Industry (no construction), energy",2020,0.0
23630,Sex: Male,Total,Younger than 15 years,B Mining and quarrying ,2020,0.0
23644,Sex: Male,Total,Younger than 15 years,C Manufacturing,2020,0.0
23658,Sex: Male,Total,Younger than 15 years,D Energy supply,2020,0.0
23672,Sex: Male,Total,Younger than 15 years,E Water supply and waste management,2020,0.0
23686,Sex: Male,Total,Younger than 15 years,F Construction,2020,0.0
23700,Sex: Male,Total,Younger than 15 years,G-N Commercial services,2020,6.0
23714,Sex: Male,Total,Younger than 15 years,"G-I Trade, transport, hotels, catering",2020,5.0
23728,Sex: Male,Total,Younger than 15 years,G Wholesale and retail trade,2020,4.0
23742,Sex: Male,Total,Younger than 15 years,H Transportation and storage,2020,0.0
23756,Sex: Male,Total,Younger than 15 years,I Accommodation and food serving,2020,1.0
23770,Sex: Male,Total,Younger than 15 years,J Information and communication,2020,0.0
23784,Sex: Male,Total,Younger than 15 years,K Financial institutions,2020,0.0
23798,Sex: Male,Total,Younger than 15 years,"L Renting, buying, selling real estate",2020,0.0
23812,Sex: Male,Total,Younger than 15 years,M-N Business services,2020,1.0
23826,Sex: Male,Total,Younger than 15 years,M Other specialised business services,2020,0.0
23840,Sex: Male,Total,Younger than 15 years,N Renting and other business support,2020,1.0
23854,Sex: Male,Total,Younger than 15 years,O-U Noncommercial services,2020,0.0
23868,Sex: Male,Total,Younger than 15 years,O-Q Government and care,2020,0.0
23882,Sex: Male,Total,Younger than 15 years,O Public administration and services,2020,0.0
23896,Sex: Male,Total,Younger than 15 years,P Education,2020,0.0
23910,Sex: Male,Total,Younger than 15 years,Q Health and social work activities,2020,0.0
23924,Sex: Male,Total,Younger than 15 years,"R-U Culture, recreation, other services",2020,0.0
23938,Sex: Male,Total,Younger than 15 years,"R Culture, sports and recreation",2020,0.0
23952,Sex: Male,Total,Younger than 15 years,S Other service activities,2020,0.0
23966,Sex: Male,Total,15 to 19 years,A-U All economic activities,2020,310.0
23980,Sex: Male,Total,15 to 19 years,A-F Agriculture and industry,2020,37.0
23994,Sex: Male,Total,15 to 19 years,"A Agriculture, forestry and fishing",2020,12.0
24008,Sex: Male,Total,15 to 19 years,B-F Manifacturing and energy,2020,25.0
24022,Sex: Male,Total,15 to 19 years,"B-E Industry (no construction), energy",2020,14.0
24036,Sex: Male,Total,15 to 19 years,B Mining and quarrying ,2020,0.0
24050,Sex: Male,Total,15 to 19 years,C Manufacturing,2020,14.0
24064,Sex: Male,Total,15 to 19 years,D Energy supply,2020,0.0
24078,Sex: Male,Total,15 to 19 years,E Water supply and waste management,2020,0.0
24092,Sex: Male,Total,15 to 19 years,F Construction,2020,10.0
24106,Sex: Male,Total,15 to 19 years,G-N Commercial services,2020,248.0
24120,Sex: Male,Total,15 to 19 years,"G-I Trade, transport, hotels, catering",2020,201.0
24134,Sex: Male,Total,15 to 19 years,G Wholesale and retail trade,2020,136.0
24148,Sex: Male,Total,15 to 19 years,H Transportation and storage,2020,7.0
24162,Sex: Male,Total,15 to 19 years,I Accommodation and food serving,2020,58.0
24176,Sex: Male,Total,15 to 19 years,J Information and communication,2020,3.0
24190,Sex: Male,Total,15 to 19 years,K Financial institutions,2020,1.0
24204,Sex: Male,Total,15 to 19 years,"L Renting, buying, selling real estate",2020,1.0
24218,Sex: Male,Total,15 to 19 years,M-N Business services,2020,43.0
24232,Sex: Male,Total,15 to 19 years,M Other specialised business services,2020,6.0
24246,Sex: Male,Total,15 to 19 years,N Renting and other business support,2020,37.0
24260,Sex: Male,Total,15 to 19 years,O-U Noncommercial services,2020,25.0
24274,Sex: Male,Total,15 to 19 years,O-Q Government and care,2020,17.0
24288,Sex: Male,Total,15 to 19 years,O Public administration and services,2020,5.0
24302,Sex: Male,Total,15 to 19 years,P Education,2020,6.0
24316,Sex: Male,Total,15 to 19 years,Q Health and social work activities,2020,6.0
24330,Sex: Male,Total,15 to 19 years,"R-U Culture, recreation, other services",2020,7.0
24344,Sex: Male,Total,15 to 19 years,"R Culture, sports and recreation",2020,5.0
24358,Sex: Male,Total,15 to 19 years,S Other service activities,2020,2.0
24372,Sex: Male,Total,20 to 24 years,A-U All economic activities,2020,413.0
24386,Sex: Male,Total,20 to 24 years,A-F Agriculture and industry,2020,66.0
24400,Sex: Male,Total,20 to 24 years,"A Agriculture, forestry and fishing",2020,10.0
24414,Sex: Male,Total,20 to 24 years,B-F Manifacturing and energy,2020,56.0
24428,Sex: Male,Total,20 to 24 years,"B-E Industry (no construction), energy",2020,34.0
24442,Sex: Male,Total,20 to 24 years,B Mining and quarrying ,2020,0.0
24456,Sex: Male,Total,20 to 24 years,C Manufacturing,2020,32.0
24470,Sex: Male,Total,20 to 24 years,D Energy supply,2020,1.0
24484,Sex: Male,Total,20 to 24 years,E Water supply and waste management,2020,1.0
24498,Sex: Male,Total,20 to 24 years,F Construction,2020,22.0
24512,Sex: Male,Total,20 to 24 years,G-N Commercial services,2020,288.0
24526,Sex: Male,Total,20 to 24 years,"G-I Trade, transport, hotels, catering",2020,152.0
24540,Sex: Male,Total,20 to 24 years,G Wholesale and retail trade,2020,90.0
24554,Sex: Male,Total,20 to 24 years,H Transportation and storage,2020,21.0
24568,Sex: Male,Total,20 to 24 years,I Accommodation and food serving,2020,41.0
24582,Sex: Male,Total,20 to 24 years,J Information and communication,2020,15.0
24596,Sex: Male,Total,20 to 24 years,K Financial institutions,2020,4.0
24610,Sex: Male,Total,20 to 24 years,"L Renting, buying, selling real estate",2020,2.0
24624,Sex: Male,Total,20 to 24 years,M-N Business services,2020,114.0
24638,Sex: Male,Total,20 to 24 years,M Other specialised business services,2020,23.0
24652,Sex: Male,Total,20 to 24 years,N Renting and other business support,2020,91.0
24666,Sex: Male,Total,20 to 24 years,O-U Noncommercial services,2020,59.0
24680,Sex: Male,Total,20 to 24 years,O-Q Government and care,2020,45.0
24694,Sex: Male,Total,20 to 24 years,O Public administration and services,2020,14.0
24708,Sex: Male,Total,20 to 24 years,P Education,2020,13.0
24722,Sex: Male,Total,20 to 24 years,Q Health and social work activities,2020,18.0
24736,Sex: Male,Total,20 to 24 years,"R-U Culture, recreation, other services",2020,14.0
24750,Sex: Male,Total,20 to 24 years,"R Culture, sports and recreation",2020,10.0
24764,Sex: Male,Total,20 to 24 years,S Other service activities,2020,4.0
24778,Sex: Male,Total,25 to 29 years,A-U All economic activities,2020,473.0
24792,Sex: Male,Total,25 to 29 years,A-F Agriculture and industry,2020,89.0
24806,Sex: Male,Total,25 to 29 years,"A Agriculture, forestry and fishing",2020,7.0
24820,Sex: Male,Total,25 to 29 years,B-F Manifacturing and energy,2020,82.0
24834,Sex: Male,Total,25 to 29 years,"B-E Industry (no construction), energy",2020,54.0
24848,Sex: Male,Total,25 to 29 years,B Mining and quarrying ,2020,0.0
24862,Sex: Male,Total,25 to 29 years,C Manufacturing,2020,49.0
24876,Sex: Male,Total,25 to 29 years,D Energy supply,2020,2.0
24890,Sex: Male,Total,25 to 29 years,E Water supply and waste management,2020,2.0
24904,Sex: Male,Total,25 to 29 years,F Construction,2020,28.0
24918,Sex: Male,Total,25 to 29 years,G-N Commercial services,2020,302.0
24932,Sex: Male,Total,25 to 29 years,"G-I Trade, transport, hotels, catering",2020,123.0
24946,Sex: Male,Total,25 to 29 years,G Wholesale and retail trade,2020,74.0
24960,Sex: Male,Total,25 to 29 years,H Transportation and storage,2020,26.0
24974,Sex: Male,Total,25 to 29 years,I Accommodation and food serving,2020,24.0
24988,Sex: Male,Total,25 to 29 years,J Information and communication,2020,31.0
25002,Sex: Male,Total,25 to 29 years,K Financial institutions,2020,12.0
25016,Sex: Male,Total,25 to 29 years,"L Renting, buying, selling real estate",2020,3.0
25030,Sex: Male,Total,25 to 29 years,M-N Business services,2020,133.0
25044,Sex: Male,Total,25 to 29 years,M Other specialised business services,2020,44.0
25058,Sex: Male,Total,25 to 29 years,N Renting and other business support,2020,89.0
25072,Sex: Male,Total,25 to 29 years,O-U Noncommercial services,2020,82.0
25086,Sex: Male,Total,25 to 29 years,O-Q Government and care,2020,69.0
25100,Sex: Male,Total,25 to 29 years,O Public administration and services,2020,23.0
25114,Sex: Male,Total,25 to 29 years,P Education,2020,19.0
25128,Sex: Male,Total,25 to 29 years,Q Health and social work activities,2020,27.0
25142,Sex: Male,Total,25 to 29 years,"R-U Culture, recreation, other services",2020,13.0
25156,Sex: Male,Total,25 to 29 years,"R Culture, sports and recreation",2020,8.0
25170,Sex: Male,Total,25 to 29 years,S Other service activities,2020,4.0
25184,Sex: Male,Total,30 to 34 years,A-U All economic activities,2020,459.0
25198,Sex: Male,Total,30 to 34 years,A-F Agriculture and industry,2020,100.0
25212,Sex: Male,Total,30 to 34 years,"A Agriculture, forestry and fishing",2020,6.0
25226,Sex: Male,Total,30 to 34 years,B-F Manifacturing and energy,2020,93.0
25240,Sex: Male,Total,30 to 34 years,"B-E Industry (no construction), energy",2020,62.0
25254,Sex: Male,Total,30 to 34 years,B Mining and quarrying ,2020,1.0
25268,Sex: Male,Total,30 to 34 years,C Manufacturing,2020,56.0
25282,Sex: Male,Total,30 to 34 years,D Energy supply,2020,2.0
25296,Sex: Male,Total,30 to 34 years,E Water supply and waste management,2020,3.0
25310,Sex: Male,Total,30 to 34 years,F Construction,2020,31.0
25324,Sex: Male,Total,30 to 34 years,G-N Commercial services,2020,276.0
25338,Sex: Male,Total,30 to 34 years,"G-I Trade, transport, hotels, catering",2020,113.0
25352,Sex: Male,Total,30 to 34 years,G Wholesale and retail trade,2020,70.0
25366,Sex: Male,Total,30 to 34 years,H Transportation and storage,2020,28.0
25380,Sex: Male,Total,30 to 34 years,I Accommodation and food serving,2020,16.0
25394,Sex: Male,Total,30 to 34 years,J Information and communication,2020,35.0
25408,Sex: Male,Total,30 to 34 years,K Financial institutions,2020,16.0
25422,Sex: Male,Total,30 to 34 years,"L Renting, buying, selling real estate",2020,3.0
25436,Sex: Male,Total,30 to 34 years,M-N Business services,2020,108.0
25450,Sex: Male,Total,30 to 34 years,M Other specialised business services,2020,40.0
25464,Sex: Male,Total,30 to 34 years,N Renting and other business support,2020,68.0
25478,Sex: Male,Total,30 to 34 years,O-U Noncommercial services,2020,84.0
25492,Sex: Male,Total,30 to 34 years,O-Q Government and care,2020,73.0
25506,Sex: Male,Total,30 to 34 years,O Public administration and services,2020,28.0
25520,Sex: Male,Total,30 to 34 years,P Education,2020,19.0
25534,Sex: Male,Total,30 to 34 years,Q Health and social work activities,2020,26.0
25548,Sex: Male,Total,30 to 34 years,"R-U Culture, recreation, other services",2020,11.0
25562,Sex: Male,Total,30 to 34 years,"R Culture, sports and recreation",2020,6.0
25576,Sex: Male,Total,30 to 34 years,S Other service activities,2020,4.0
25590,Sex: Male,Total,35 to 39 years,A-U All economic activities,2020,421.0
25604,Sex: Male,Total,35 to 39 years,A-F Agriculture and industry,2020,99.0
25618,Sex: Male,Total,35 to 39 years,"A Agriculture, forestry and fishing",2020,5.0
25632,Sex: Male,Total,35 to 39 years,B-F Manifacturing and energy,2020,94.0
25646,Sex: Male,Total,35 to 39 years,"B-E Industry (no construction), energy",2020,62.0
25660,Sex: Male,Total,35 to 39 years,B Mining and quarrying ,2020,1.0
25674,Sex: Male,Total,35 to 39 years,C Manufacturing,2020,56.0
25688,Sex: Male,Total,35 to 39 years,D Energy supply,2020,3.0
25702,Sex: Male,Total,35 to 39 years,E Water supply and waste management,2020,3.0
25716,Sex: Male,Total,35 to 39 years,F Construction,2020,31.0
25730,Sex: Male,Total,35 to 39 years,G-N Commercial services,2020,244.0
25744,Sex: Male,Total,35 to 39 years,"G-I Trade, transport, hotels, catering",2020,102.0
25758,Sex: Male,Total,35 to 39 years,G Wholesale and retail trade,2020,63.0
25772,Sex: Male,Total,35 to 39 years,H Transportation and storage,2020,26.0
25786,Sex: Male,Total,35 to 39 years,I Accommodation and food serving,2020,13.0
25800,Sex: Male,Total,35 to 39 years,J Information and communication,2020,30.0
25814,Sex: Male,Total,35 to 39 years,K Financial institutions,2020,19.0
25828,Sex: Male,Total,35 to 39 years,"L Renting, buying, selling real estate",2020,3.0
25842,Sex: Male,Total,35 to 39 years,M-N Business services,2020,89.0
25856,Sex: Male,Total,35 to 39 years,M Other specialised business services,2020,35.0
25870,Sex: Male,Total,35 to 39 years,N Renting and other business support,2020,54.0
25884,Sex: Male,Total,35 to 39 years,O-U Noncommercial services,2020,79.0
25898,Sex: Male,Total,35 to 39 years,O-Q Government and care,2020,69.0
25912,Sex: Male,Total,35 to 39 years,O Public administration and services,2020,30.0
25926,Sex: Male,Total,35 to 39 years,P Education,2020,18.0
25940,Sex: Male,Total,35 to 39 years,Q Health and social work activities,2020,22.0
25954,Sex: Male,Total,35 to 39 years,"R-U Culture, recreation, other services",2020,9.0
25968,Sex: Male,Total,35 to 39 years,"R Culture, sports and recreation",2020,5.0
25982,Sex: Male,Total,35 to 39 years,S Other service activities,2020,4.0
25996,Sex: Male,Total,40 to 44 years,A-U All economic activities,2020,401.0
26010,Sex: Male,Total,40 to 44 years,A-F Agriculture and industry,2020,101.0
26024,Sex: Male,Total,40 to 44 years,"A Agriculture, forestry and fishing",2020,5.0
26038,Sex: Male,Total,40 to 44 years,B-F Manifacturing and energy,2020,96.0
26052,Sex: Male,Total,40 to 44 years,"B-E Industry (no construction), energy",2020,64.0
26066,Sex: Male,Total,40 to 44 years,B Mining and quarrying ,2020,1.0
26080,Sex: Male,Total,40 to 44 years,C Manufacturing,2020,58.0
26094,Sex: Male,Total,40 to 44 years,D Energy supply,2020,2.0
26108,Sex: Male,Total,40 to 44 years,E Water supply and waste management,2020,3.0
26122,Sex: Male,Total,40 to 44 years,F Construction,2020,32.0
26136,Sex: Male,Total,40 to 44 years,G-N Commercial services,2020,222.0
26150,Sex: Male,Total,40 to 44 years,"G-I Trade, transport, hotels, catering",2020,96.0
26164,Sex: Male,Total,40 to 44 years,G Wholesale and retail trade,2020,60.0
26178,Sex: Male,Total,40 to 44 years,H Transportation and storage,2020,26.0
26192,Sex: Male,Total,40 to 44 years,I Accommodation and food serving,2020,10.0
26206,Sex: Male,Total,40 to 44 years,J Information and communication,2020,23.0
26220,Sex: Male,Total,40 to 44 years,K Financial institutions,2020,20.0
26234,Sex: Male,Total,40 to 44 years,"L Renting, buying, selling real estate",2020,4.0
26248,Sex: Male,Total,40 to 44 years,M-N Business services,2020,79.0
26262,Sex: Male,Total,40 to 44 years,M Other specialised business services,2020,33.0
26276,Sex: Male,Total,40 to 44 years,N Renting and other business support,2020,46.0
26290,Sex: Male,Total,40 to 44 years,O-U Noncommercial services,2020,77.0
26304,Sex: Male,Total,40 to 44 years,O-Q Government and care,2020,69.0
26318,Sex: Male,Total,40 to 44 years,O Public administration and services,2020,30.0
26332,Sex: Male,Total,40 to 44 years,P Education,2020,18.0
26346,Sex: Male,Total,40 to 44 years,Q Health and social work activities,2020,20.0
26360,Sex: Male,Total,40 to 44 years,"R-U Culture, recreation, other services",2020,9.0
26374,Sex: Male,Total,40 to 44 years,"R Culture, sports and recreation",2020,5.0
26388,Sex: Male,Total,40 to 44 years,S Other service activities,2020,4.0
26402,Sex: Male,Total,45 to 49 years,A-U All economic activities,2020,442.0
26416,Sex: Male,Total,45 to 49 years,A-F Agriculture and industry,2020,120.0
26430,Sex: Male,Total,45 to 49 years,"A Agriculture, forestry and fishing",2020,6.0
26444,Sex: Male,Total,45 to 49 years,B-F Manifacturing and energy,2020,114.0
26458,Sex: Male,Total,45 to 49 years,"B-E Industry (no construction), energy",2020,79.0
26472,Sex: Male,Total,45 to 49 years,B Mining and quarrying ,2020,1.0
26486,Sex: Male,Total,45 to 49 years,C Manufacturing,2020,72.0
26500,Sex: Male,Total,45 to 49 years,D Energy supply,2020,2.0
26514,Sex: Male,Total,45 to 49 years,E Water supply and waste management,2020,4.0
26528,Sex: Male,Total,45 to 49 years,F Construction,2020,35.0
26542,Sex: Male,Total,45 to 49 years,G-N Commercial services,2020,239.0
26556,Sex: Male,Total,45 to 49 years,"G-I Trade, transport, hotels, catering",2020,108.0
26570,Sex: Male,Total,45 to 49 years,G Wholesale and retail trade,2020,67.0
26584,Sex: Male,Total,45 to 49 years,H Transportation and storage,2020,31.0
26598,Sex: Male,Total,45 to 49 years,I Accommodation and food serving,2020,9.0
26612,Sex: Male,Total,45 to 49 years,J Information and communication,2020,23.0
26626,Sex: Male,Total,45 to 49 years,K Financial institutions,2020,24.0
26640,Sex: Male,Total,45 to 49 years,"L Renting, buying, selling real estate",2020,4.0
26654,Sex: Male,Total,45 to 49 years,M-N Business services,2020,79.0
26668,Sex: Male,Total,45 to 49 years,M Other specialised business services,2020,34.0
26682,Sex: Male,Total,45 to 49 years,N Renting and other business support,2020,45.0
26696,Sex: Male,Total,45 to 49 years,O-U Noncommercial services,2020,83.0
26710,Sex: Male,Total,45 to 49 years,O-Q Government and care,2020,74.0
26724,Sex: Male,Total,45 to 49 years,O Public administration and services,2020,35.0
26738,Sex: Male,Total,45 to 49 years,P Education,2020,18.0
26752,Sex: Male,Total,45 to 49 years,Q Health and social work activities,2020,21.0
26766,Sex: Male,Total,45 to 49 years,"R-U Culture, recreation, other services",2020,9.0
26780,Sex: Male,Total,45 to 49 years,"R Culture, sports and recreation",2020,5.0
26794,Sex: Male,Total,45 to 49 years,S Other service activities,2020,4.0
26808,Sex: Male,Total,50 to 54 years,A-U All economic activities,2020,485.0
26822,Sex: Male,Total,50 to 54 years,A-F Agriculture and industry,2020,141.0
26836,Sex: Male,Total,50 to 54 years,"A Agriculture, forestry and fishing",2020,7.0
26850,Sex: Male,Total,50 to 54 years,B-F Manifacturing and energy,2020,135.0
26864,Sex: Male,Total,50 to 54 years,"B-E Industry (no construction), energy",2020,97.0
26878,Sex: Male,Total,50 to 54 years,B Mining and quarrying ,2020,1.0
26892,Sex: Male,Total,50 to 54 years,C Manufacturing,2020,88.0
26906,Sex: Male,Total,50 to 54 years,D Energy supply,2020,3.0
26920,Sex: Male,Total,50 to 54 years,E Water supply and waste management,2020,5.0
26934,Sex: Male,Total,50 to 54 years,F Construction,2020,38.0
26948,Sex: Male,Total,50 to 54 years,G-N Commercial services,2020,248.0
26962,Sex: Male,Total,50 to 54 years,"G-I Trade, transport, hotels, catering",2020,117.0
26976,Sex: Male,Total,50 to 54 years,G Wholesale and retail trade,2020,71.0
26990,Sex: Male,Total,50 to 54 years,H Transportation and storage,2020,37.0
27004,Sex: Male,Total,50 to 54 years,I Accommodation and food serving,2020,9.0
27018,Sex: Male,Total,50 to 54 years,J Information and communication,2020,22.0
27032,Sex: Male,Total,50 to 54 years,K Financial institutions,2020,25.0
27046,Sex: Male,Total,50 to 54 years,"L Renting, buying, selling real estate",2020,4.0
27060,Sex: Male,Total,50 to 54 years,M-N Business services,2020,79.0
27074,Sex: Male,Total,50 to 54 years,M Other specialised business services,2020,35.0
27088,Sex: Male,Total,50 to 54 years,N Renting and other business support,2020,44.0
27102,Sex: Male,Total,50 to 54 years,O-U Noncommercial services,2020,95.0
27116,Sex: Male,Total,50 to 54 years,O-Q Government and care,2020,85.0
27130,Sex: Male,Total,50 to 54 years,O Public administration and services,2020,41.0
27144,Sex: Male,Total,50 to 54 years,P Education,2020,20.0
27158,Sex: Male,Total,50 to 54 years,Q Health and social work activities,2020,24.0
27172,Sex: Male,Total,50 to 54 years,"R-U Culture, recreation, other services",2020,11.0
27186,Sex: Male,Total,50 to 54 years,"R Culture, sports and recreation",2020,6.0
27200,Sex: Male,Total,50 to 54 years,S Other service activities,2020,5.0
27214,Sex: Male,Total,55 to 59 years,A-U All economic activities,2020,456.0
27228,Sex: Male,Total,55 to 59 years,A-F Agriculture and industry,2020,134.0
27242,Sex: Male,Total,55 to 59 years,"A Agriculture, forestry and fishing",2020,6.0
27256,Sex: Male,Total,55 to 59 years,B-F Manifacturing and energy,2020,128.0
27270,Sex: Male,Total,55 to 59 years,"B-E Industry (no construction), energy",2020,95.0
27284,Sex: Male,Total,55 to 59 years,B Mining and quarrying ,2020,1.0
27298,Sex: Male,Total,55 to 59 years,C Manufacturing,2020,86.0
27312,Sex: Male,Total,55 to 59 years,D Energy supply,2020,3.0
27326,Sex: Male,Total,55 to 59 years,E Water supply and waste management,2020,5.0
27340,Sex: Male,Total,55 to 59 years,F Construction,2020,33.0
27354,Sex: Male,Total,55 to 59 years,G-N Commercial services,2020,212.0
27368,Sex: Male,Total,55 to 59 years,"G-I Trade, transport, hotels, catering",2020,104.0
27382,Sex: Male,Total,55 to 59 years,G Wholesale and retail trade,2020,58.0
27396,Sex: Male,Total,55 to 59 years,H Transportation and storage,2020,39.0
27410,Sex: Male,Total,55 to 59 years,I Accommodation and food serving,2020,7.0
27424,Sex: Male,Total,55 to 59 years,J Information and communication,2020,15.0
27438,Sex: Male,Total,55 to 59 years,K Financial institutions,2020,20.0
27452,Sex: Male,Total,55 to 59 years,"L Renting, buying, selling real estate",2020,4.0
27466,Sex: Male,Total,55 to 59 years,M-N Business services,2020,68.0
27480,Sex: Male,Total,55 to 59 years,M Other specialised business services,2020,30.0
27494,Sex: Male,Total,55 to 59 years,N Renting and other business support,2020,38.0
27508,Sex: Male,Total,55 to 59 years,O-U Noncommercial services,2020,111.0
27522,Sex: Male,Total,55 to 59 years,O-Q Government and care,2020,100.0
27536,Sex: Male,Total,55 to 59 years,O Public administration and services,2020,49.0
27550,Sex: Male,Total,55 to 59 years,P Education,2020,23.0
27564,Sex: Male,Total,55 to 59 years,Q Health and social work activities,2020,28.0
27578,Sex: Male,Total,55 to 59 years,"R-U Culture, recreation, other services",2020,11.0
27592,Sex: Male,Total,55 to 59 years,"R Culture, sports and recreation",2020,5.0
27606,Sex: Male,Total,55 to 59 years,S Other service activities,2020,5.0
27620,Sex: Male,Total,60 to 64 years,A-U All economic activities,2020,352.0
27634,Sex: Male,Total,60 to 64 years,A-F Agriculture and industry,2020,98.0
27648,Sex: Male,Total,60 to 64 years,"A Agriculture, forestry and fishing",2020,4.0
27662,Sex: Male,Total,60 to 64 years,B-F Manifacturing and energy,2020,94.0
27676,Sex: Male,Total,60 to 64 years,"B-E Industry (no construction), energy",2020,70.0
27690,Sex: Male,Total,60 to 64 years,B Mining and quarrying ,2020,1.0
27704,Sex: Male,Total,60 to 64 years,C Manufacturing,2020,63.0
27718,Sex: Male,Total,60 to 64 years,D Energy supply,2020,3.0
27732,Sex: Male,Total,60 to 64 years,E Water supply and waste management,2020,3.0
27746,Sex: Male,Total,60 to 64 years,F Construction,2020,24.0
27760,Sex: Male,Total,60 to 64 years,G-N Commercial services,2020,151.0
27774,Sex: Male,Total,60 to 64 years,"G-I Trade, transport, hotels, catering",2020,76.0
27788,Sex: Male,Total,60 to 64 years,G Wholesale and retail trade,2020,39.0
27802,Sex: Male,Total,60 to 64 years,H Transportation and storage,2020,32.0
27816,Sex: Male,Total,60 to 64 years,I Accommodation and food serving,2020,5.0
27830,Sex: Male,Total,60 to 64 years,J Information and communication,2020,9.0
27844,Sex: Male,Total,60 to 64 years,K Financial institutions,2020,14.0
27858,Sex: Male,Total,60 to 64 years,"L Renting, buying, selling real estate",2020,4.0
27872,Sex: Male,Total,60 to 64 years,M-N Business services,2020,48.0
27886,Sex: Male,Total,60 to 64 years,M Other specialised business services,2020,21.0
27900,Sex: Male,Total,60 to 64 years,N Renting and other business support,2020,27.0
27914,Sex: Male,Total,60 to 64 years,O-U Noncommercial services,2020,103.0
27928,Sex: Male,Total,60 to 64 years,O-Q Government and care,2020,94.0
27942,Sex: Male,Total,60 to 64 years,O Public administration and services,2020,43.0
27956,Sex: Male,Total,60 to 64 years,P Education,2020,26.0
27970,Sex: Male,Total,60 to 64 years,Q Health and social work activities,2020,26.0
27984,Sex: Male,Total,60 to 64 years,"R-U Culture, recreation, other services",2020,9.0
27998,Sex: Male,Total,60 to 64 years,"R Culture, sports and recreation",2020,4.0
28012,Sex: Male,Total,60 to 64 years,S Other service activities,2020,5.0
28026,Sex: Male,Total,65 to 74 years,A-U All economic activities,2020,129.0
28040,Sex: Male,Total,65 to 74 years,A-F Agriculture and industry,2020,27.0
28054,Sex: Male,Total,65 to 74 years,"A Agriculture, forestry and fishing",2020,2.0
28068,Sex: Male,Total,65 to 74 years,B-F Manifacturing and energy,2020,25.0
28082,Sex: Male,Total,65 to 74 years,"B-E Industry (no construction), energy",2020,18.0
28096,Sex: Male,Total,65 to 74 years,B Mining and quarrying ,2020,0.0
28110,Sex: Male,Total,65 to 74 years,C Manufacturing,2020,16.0
28124,Sex: Male,Total,65 to 74 years,D Energy supply,2020,1.0
28138,Sex: Male,Total,65 to 74 years,E Water supply and waste management,2020,1.0
28152,Sex: Male,Total,65 to 74 years,F Construction,2020,7.0
28166,Sex: Male,Total,65 to 74 years,G-N Commercial services,2020,74.0
28180,Sex: Male,Total,65 to 74 years,"G-I Trade, transport, hotels, catering",2020,37.0
28194,Sex: Male,Total,65 to 74 years,G Wholesale and retail trade,2020,19.0
28208,Sex: Male,Total,65 to 74 years,H Transportation and storage,2020,15.0
28222,Sex: Male,Total,65 to 74 years,I Accommodation and food serving,2020,3.0
28236,Sex: Male,Total,65 to 74 years,J Information and communication,2020,2.0
28250,Sex: Male,Total,65 to 74 years,K Financial institutions,2020,8.0
28264,Sex: Male,Total,65 to 74 years,"L Renting, buying, selling real estate",2020,2.0
28278,Sex: Male,Total,65 to 74 years,M-N Business services,2020,25.0
28292,Sex: Male,Total,65 to 74 years,M Other specialised business services,2020,10.0
28306,Sex: Male,Total,65 to 74 years,N Renting and other business support,2020,15.0
28320,Sex: Male,Total,65 to 74 years,O-U Noncommercial services,2020,29.0
28334,Sex: Male,Total,65 to 74 years,O-Q Government and care,2020,24.0
28348,Sex: Male,Total,65 to 74 years,O Public administration and services,2020,9.0
28362,Sex: Male,Total,65 to 74 years,P Education,2020,8.0
28376,Sex: Male,Total,65 to 74 years,Q Health and social work activities,2020,7.0
28390,Sex: Male,Total,65 to 74 years,"R-U Culture, recreation, other services",2020,4.0
28404,Sex: Male,Total,65 to 74 years,"R Culture, sports and recreation",2020,2.0
28418,Sex: Male,Total,65 to 74 years,S Other service activities,2020,2.0
28432,Sex: Male,Total,75 years or older,A-U All economic activities,2020,11.0
28446,Sex: Male,Total,75 years or older,A-F Agriculture and industry,2020,2.0
28460,Sex: Male,Total,75 years or older,"A Agriculture, forestry and fishing",2020,0.0
28474,Sex: Male,Total,75 years or older,B-F Manifacturing and energy,2020,1.0
28488,Sex: Male,Total,75 years or older,"B-E Industry (no construction), energy",2020,1.0
28502,Sex: Male,Total,75 years or older,B Mining and quarrying ,2020,0.0
28516,Sex: Male,Total,75 years or older,C Manufacturing,2020,1.0
28530,Sex: Male,Total,75 years or older,D Energy supply,2020,0.0
28544,Sex: Male,Total,75 years or older,E Water supply and waste management,2020,0.0
28558,Sex: Male,Total,75 years or older,F Construction,2020,1.0
28572,Sex: Male,Total,75 years or older,G-N Commercial services,2020,8.0
28586,Sex: Male,Total,75 years or older,"G-I Trade, transport, hotels, catering",2020,4.0
28600,Sex: Male,Total,75 years or older,G Wholesale and retail trade,2020,3.0
28614,Sex: Male,Total,75 years or older,H Transportation and storage,2020,1.0
28628,Sex: Male,Total,75 years or older,I Accommodation and food serving,2020,0.0
28642,Sex: Male,Total,75 years or older,J Information and communication,2020,0.0
28656,Sex: Male,Total,75 years or older,K Financial institutions,2020,2.0
28670,Sex: Male,Total,75 years or older,"L Renting, buying, selling real estate",2020,0.0
28684,Sex: Male,Total,75 years or older,M-N Business services,2020,2.0
28698,Sex: Male,Total,75 years or older,M Other specialised business services,2020,1.0
28712,Sex: Male,Total,75 years or older,N Renting and other business support,2020,1.0
28726,Sex: Male,Total,75 years or older,O-U Noncommercial services,2020,1.0
28740,Sex: Male,Total,75 years or older,O-Q Government and care,2020,1.0
28754,Sex: Male,Total,75 years or older,O Public administration and services,2020,0.0
28768,Sex: Male,Total,75 years or older,P Education,2020,0.0
28782,Sex: Male,Total,75 years or older,Q Health and social work activities,2020,0.0
28796,Sex: Male,Total,75 years or older,"R-U Culture, recreation, other services",2020,1.0
28810,Sex: Male,Total,75 years or older,"R Culture, sports and recreation",2020,0.0
28824,Sex: Male,Total,75 years or older,S Other service activities,2020,0.0
46296,Sex: Female,Total,Total,A-U All economic activities,2020,4029.0
46310,Sex: Female,Total,Total,A-F Agriculture and industry,2020,271.0
46324,Sex: Female,Total,Total,"A Agriculture, forestry and fishing",2020,39.0
46338,Sex: Female,Total,Total,B-F Manifacturing and energy,2020,232.0
46352,Sex: Female,Total,Total,"B-E Industry (no construction), energy",2020,190.0
46366,Sex: Female,Total,Total,B Mining and quarrying ,2020,1.0
46380,Sex: Female,Total,Total,C Manufacturing,2020,174.0
46394,Sex: Female,Total,Total,D Energy supply,2020,8.0
46408,Sex: Female,Total,Total,E Water supply and waste management,2020,7.0
46422,Sex: Female,Total,Total,F Construction,2020,42.0
46436,Sex: Female,Total,Total,G-N Commercial services,2020,1810.0
46450,Sex: Female,Total,Total,"G-I Trade, transport, hotels, catering",2020,953.0
46464,Sex: Female,Total,Total,G Wholesale and retail trade,2020,658.0
46478,Sex: Female,Total,Total,H Transportation and storage,2020,95.0
46492,Sex: Female,Total,Total,I Accommodation and food serving,2020,199.0
46506,Sex: Female,Total,Total,J Information and communication,2020,80.0
46520,Sex: Female,Total,Total,K Financial institutions,2020,108.0
46534,Sex: Female,Total,Total,"L Renting, buying, selling real estate",2020,33.0
46548,Sex: Female,Total,Total,M-N Business services,2020,636.0
46562,Sex: Female,Total,Total,M Other specialised business services,2020,221.0
46576,Sex: Female,Total,Total,N Renting and other business support,2020,416.0
46590,Sex: Female,Total,Total,O-U Noncommercial services,2020,1948.0
46604,Sex: Female,Total,Total,O-Q Government and care,2020,1792.0
46618,Sex: Female,Total,Total,O Public administration and services,2020,230.0
46632,Sex: Female,Total,Total,P Education,2020,353.0
46646,Sex: Female,Total,Total,Q Health and social work activities,2020,1208.0
46660,Sex: Female,Total,Total,"R-U Culture, recreation, other services",2020,156.0
46674,Sex: Female,Total,Total,"R Culture, sports and recreation",2020,70.0
46688,Sex: Female,Total,Total,S Other service activities,2020,87.0
46702,Sex: Female,Total,Younger than 15 years,A-U All economic activities,2020,8.0
46716,Sex: Female,Total,Younger than 15 years,A-F Agriculture and industry,2020,2.0
46730,Sex: Female,Total,Younger than 15 years,"A Agriculture, forestry and fishing",2020,1.0
46744,Sex: Female,Total,Younger than 15 years,B-F Manifacturing and energy,2020,0.0
46758,Sex: Female,Total,Younger than 15 years,"B-E Industry (no construction), energy",2020,0.0
46772,Sex: Female,Total,Younger than 15 years,B Mining and quarrying ,2020,0.0
46786,Sex: Female,Total,Younger than 15 years,C Manufacturing,2020,0.0
46800,Sex: Female,Total,Younger than 15 years,D Energy supply,2020,0.0
46814,Sex: Female,Total,Younger than 15 years,E Water supply and waste management,2020,0.0
46828,Sex: Female,Total,Younger than 15 years,F Construction,2020,0.0
46842,Sex: Female,Total,Younger than 15 years,G-N Commercial services,2020,6.0
46856,Sex: Female,Total,Younger than 15 years,"G-I Trade, transport, hotels, catering",2020,5.0
46870,Sex: Female,Total,Younger than 15 years,G Wholesale and retail trade,2020,4.0
46884,Sex: Female,Total,Younger than 15 years,H Transportation and storage,2020,0.0
46898,Sex: Female,Total,Younger than 15 years,I Accommodation and food serving,2020,1.0
46912,Sex: Female,Total,Younger than 15 years,J Information and communication,2020,0.0
46926,Sex: Female,Total,Younger than 15 years,K Financial institutions,2020,0.0
46940,Sex: Female,Total,Younger than 15 years,"L Renting, buying, selling real estate",2020,0.0
46954,Sex: Female,Total,Younger than 15 years,M-N Business services,2020,1.0
46968,Sex: Female,Total,Younger than 15 years,M Other specialised business services,2020,0.0
46982,Sex: Female,Total,Younger than 15 years,N Renting and other business support,2020,1.0
46996,Sex: Female,Total,Younger than 15 years,O-U Noncommercial services,2020,0.0
47010,Sex: Female,Total,Younger than 15 years,O-Q Government and care,2020,0.0
47024,Sex: Female,Total,Younger than 15 years,O Public administration and services,2020,0.0
47038,Sex: Female,Total,Younger than 15 years,P Education,2020,0.0
47052,Sex: Female,Total,Younger than 15 years,Q Health and social work activities,2020,0.0
47066,Sex: Female,Total,Younger than 15 years,"R-U Culture, recreation, other services",2020,0.0
47080,Sex: Female,Total,Younger than 15 years,"R Culture, sports and recreation",2020,0.0
47094,Sex: Female,Total,Younger than 15 years,S Other service activities,2020,0.0
47108,Sex: Female,Total,15 to 19 years,A-U All economic activities,2020,321.0
47122,Sex: Female,Total,15 to 19 years,A-F Agriculture and industry,2020,16.0
47136,Sex: Female,Total,15 to 19 years,"A Agriculture, forestry and fishing",2020,7.0
47150,Sex: Female,Total,15 to 19 years,B-F Manifacturing and energy,2020,9.0
47164,Sex: Female,Total,15 to 19 years,"B-E Industry (no construction), energy",2020,8.0
47178,Sex: Female,Total,15 to 19 years,B Mining and quarrying ,2020,0.0
47192,Sex: Female,Total,15 to 19 years,C Manufacturing,2020,8.0
47206,Sex: Female,Total,15 to 19 years,D Energy supply,2020,0.0
47220,Sex: Female,Total,15 to 19 years,E Water supply and waste management,2020,0.0
47234,Sex: Female,Total,15 to 19 years,F Construction,2020,1.0
47248,Sex: Female,Total,15 to 19 years,G-N Commercial services,2020,253.0
47262,Sex: Female,Total,15 to 19 years,"G-I Trade, transport, hotels, catering",2020,218.0
47276,Sex: Female,Total,15 to 19 years,G Wholesale and retail trade,2020,161.0
47290,Sex: Female,Total,15 to 19 years,H Transportation and storage,2020,2.0
47304,Sex: Female,Total,15 to 19 years,I Accommodation and food serving,2020,56.0
47318,Sex: Female,Total,15 to 19 years,J Information and communication,2020,2.0
47332,Sex: Female,Total,15 to 19 years,K Financial institutions,2020,1.0
47346,Sex: Female,Total,15 to 19 years,"L Renting, buying, selling real estate",2020,1.0
47360,Sex: Female,Total,15 to 19 years,M-N Business services,2020,31.0
47374,Sex: Female,Total,15 to 19 years,M Other specialised business services,2020,5.0
47388,Sex: Female,Total,15 to 19 years,N Renting and other business support,2020,26.0
47402,Sex: Female,Total,15 to 19 years,O-U Noncommercial services,2020,53.0
47416,Sex: Female,Total,15 to 19 years,O-Q Government and care,2020,42.0
47430,Sex: Female,Total,15 to 19 years,O Public administration and services,2020,2.0
47444,Sex: Female,Total,15 to 19 years,P Education,2020,3.0
47458,Sex: Female,Total,15 to 19 years,Q Health and social work activities,2020,38.0
47472,Sex: Female,Total,15 to 19 years,"R-U Culture, recreation, other services",2020,11.0
47486,Sex: Female,Total,15 to 19 years,"R Culture, sports and recreation",2020,6.0
47500,Sex: Female,Total,15 to 19 years,S Other service activities,2020,5.0
47514,Sex: Female,Total,20 to 24 years,A-U All economic activities,2020,431.0
47528,Sex: Female,Total,20 to 24 years,A-F Agriculture and industry,2020,19.0
47542,Sex: Female,Total,20 to 24 years,"A Agriculture, forestry and fishing",2020,5.0
47556,Sex: Female,Total,20 to 24 years,B-F Manifacturing and energy,2020,14.0
47570,Sex: Female,Total,20 to 24 years,"B-E Industry (no construction), energy",2020,11.0
47584,Sex: Female,Total,20 to 24 years,B Mining and quarrying ,2020,0.0
47598,Sex: Female,Total,20 to 24 years,C Manufacturing,2020,11.0
47612,Sex: Female,Total,20 to 24 years,D Energy supply,2020,0.0
47626,Sex: Female,Total,20 to 24 years,E Water supply and waste management,2020,0.0
47640,Sex: Female,Total,20 to 24 years,F Construction,2020,3.0
47654,Sex: Female,Total,20 to 24 years,G-N Commercial services,2020,246.0
47668,Sex: Female,Total,20 to 24 years,"G-I Trade, transport, hotels, catering",2020,142.0
47682,Sex: Female,Total,20 to 24 years,G Wholesale and retail trade,2020,91.0
47696,Sex: Female,Total,20 to 24 years,H Transportation and storage,2020,6.0
47710,Sex: Female,Total,20 to 24 years,I Accommodation and food serving,2020,45.0
47724,Sex: Female,Total,20 to 24 years,J Information and communication,2020,8.0
47738,Sex: Female,Total,20 to 24 years,K Financial institutions,2020,4.0
47752,Sex: Female,Total,20 to 24 years,"L Renting, buying, selling real estate",2020,2.0
47766,Sex: Female,Total,20 to 24 years,M-N Business services,2020,90.0
47780,Sex: Female,Total,20 to 24 years,M Other specialised business services,2020,22.0
47794,Sex: Female,Total,20 to 24 years,N Renting and other business support,2020,68.0
47808,Sex: Female,Total,20 to 24 years,O-U Noncommercial services,2020,166.0
47822,Sex: Female,Total,20 to 24 years,O-Q Government and care,2020,145.0
47836,Sex: Female,Total,20 to 24 years,O Public administration and services,2020,8.0
47850,Sex: Female,Total,20 to 24 years,P Education,2020,23.0
47864,Sex: Female,Total,20 to 24 years,Q Health and social work activities,2020,114.0
47878,Sex: Female,Total,20 to 24 years,"R-U Culture, recreation, other services",2020,21.0
47892,Sex: Female,Total,20 to 24 years,"R Culture, sports and recreation",2020,11.0
47906,Sex: Female,Total,20 to 24 years,S Other service activities,2020,10.0
47920,Sex: Female,Total,25 to 29 years,A-U All economic activities,2020,458.0
47934,Sex: Female,Total,25 to 29 years,A-F Agriculture and industry,2020,23.0
47948,Sex: Female,Total,25 to 29 years,"A Agriculture, forestry and fishing",2020,3.0
47962,Sex: Female,Total,25 to 29 years,B-F Manifacturing and energy,2020,20.0
47976,Sex: Female,Total,25 to 29 years,"B-E Industry (no construction), energy",2020,16.0
47990,Sex: Female,Total,25 to 29 years,B Mining and quarrying ,2020,0.0
48004,Sex: Female,Total,25 to 29 years,C Manufacturing,2020,15.0
48018,Sex: Female,Total,25 to 29 years,D Energy supply,2020,1.0
48032,Sex: Female,Total,25 to 29 years,E Water supply and waste management,2020,1.0
48046,Sex: Female,Total,25 to 29 years,F Construction,2020,4.0
48060,Sex: Female,Total,25 to 29 years,G-N Commercial services,2020,220.0
48074,Sex: Female,Total,25 to 29 years,"G-I Trade, transport, hotels, catering",2020,94.0
48088,Sex: Female,Total,25 to 29 years,G Wholesale and retail trade,2020,63.0
48102,Sex: Female,Total,25 to 29 years,H Transportation and storage,2020,10.0
48116,Sex: Female,Total,25 to 29 years,I Accommodation and food serving,2020,21.0
48130,Sex: Female,Total,25 to 29 years,J Information and communication,2020,15.0
48144,Sex: Female,Total,25 to 29 years,K Financial institutions,2020,10.0
48158,Sex: Female,Total,25 to 29 years,"L Renting, buying, selling real estate",2020,3.0
48172,Sex: Female,Total,25 to 29 years,M-N Business services,2020,98.0
48186,Sex: Female,Total,25 to 29 years,M Other specialised business services,2020,38.0
48200,Sex: Female,Total,25 to 29 years,N Renting and other business support,2020,60.0
48214,Sex: Female,Total,25 to 29 years,O-U Noncommercial services,2020,214.0
48228,Sex: Female,Total,25 to 29 years,O-Q Government and care,2020,195.0
48242,Sex: Female,Total,25 to 29 years,O Public administration and services,2020,19.0
48256,Sex: Female,Total,25 to 29 years,P Education,2020,38.0
48270,Sex: Female,Total,25 to 29 years,Q Health and social work activities,2020,139.0
48284,Sex: Female,Total,25 to 29 years,"R-U Culture, recreation, other services",2020,19.0
48298,Sex: Female,Total,25 to 29 years,"R Culture, sports and recreation",2020,8.0
48312,Sex: Female,Total,25 to 29 years,S Other service activities,2020,11.0
48326,Sex: Female,Total,30 to 34 years,A-U All economic activities,2020,424.0
48340,Sex: Female,Total,30 to 34 years,A-F Agriculture and industry,2020,26.0
48354,Sex: Female,Total,30 to 34 years,"A Agriculture, forestry and fishing",2020,3.0
48368,Sex: Female,Total,30 to 34 years,B-F Manifacturing and energy,2020,23.0
48382,Sex: Female,Total,30 to 34 years,"B-E Industry (no construction), energy",2020,19.0
48396,Sex: Female,Total,30 to 34 years,B Mining and quarrying ,2020,0.0
48410,Sex: Female,Total,30 to 34 years,C Manufacturing,2020,17.0
48424,Sex: Female,Total,30 to 34 years,D Energy supply,2020,1.0
48438,Sex: Female,Total,30 to 34 years,E Water supply and waste management,2020,1.0
48452,Sex: Female,Total,30 to 34 years,F Construction,2020,4.0
48466,Sex: Female,Total,30 to 34 years,G-N Commercial services,2020,182.0
48480,Sex: Female,Total,30 to 34 years,"G-I Trade, transport, hotels, catering",2020,77.0
48494,Sex: Female,Total,30 to 34 years,G Wholesale and retail trade,2020,54.0
48508,Sex: Female,Total,30 to 34 years,H Transportation and storage,2020,10.0
48522,Sex: Female,Total,30 to 34 years,I Accommodation and food serving,2020,14.0
48536,Sex: Female,Total,30 to 34 years,J Information and communication,2020,14.0
48550,Sex: Female,Total,30 to 34 years,K Financial institutions,2020,12.0
48564,Sex: Female,Total,30 to 34 years,"L Renting, buying, selling real estate",2020,3.0
48578,Sex: Female,Total,30 to 34 years,M-N Business services,2020,75.0
48592,Sex: Female,Total,30 to 34 years,M Other specialised business services,2020,30.0
48606,Sex: Female,Total,30 to 34 years,N Renting and other business support,2020,44.0
48620,Sex: Female,Total,30 to 34 years,O-U Noncommercial services,2020,216.0
48634,Sex: Female,Total,30 to 34 years,O-Q Government and care,2020,200.0
48648,Sex: Female,Total,30 to 34 years,O Public administration and services,2020,23.0
48662,Sex: Female,Total,30 to 34 years,P Education,2020,43.0
48676,Sex: Female,Total,30 to 34 years,Q Health and social work activities,2020,133.0
48690,Sex: Female,Total,30 to 34 years,"R-U Culture, recreation, other services",2020,17.0
48704,Sex: Female,Total,30 to 34 years,"R Culture, sports and recreation",2020,7.0
48718,Sex: Female,Total,30 to 34 years,S Other service activities,2020,10.0
48732,Sex: Female,Total,35 to 39 years,A-U All economic activities,2020,386.0
48746,Sex: Female,Total,35 to 39 years,A-F Agriculture and industry,2020,27.0
48760,Sex: Female,Total,35 to 39 years,"A Agriculture, forestry and fishing",2020,3.0
48774,Sex: Female,Total,35 to 39 years,B-F Manifacturing and energy,2020,25.0
48788,Sex: Female,Total,35 to 39 years,"B-E Industry (no construction), energy",2020,20.0
48802,Sex: Female,Total,35 to 39 years,B Mining and quarrying ,2020,0.0
48816,Sex: Female,Total,35 to 39 years,C Manufacturing,2020,18.0
48830,Sex: Female,Total,35 to 39 years,D Energy supply,2020,1.0
48844,Sex: Female,Total,35 to 39 years,E Water supply and waste management,2020,1.0
48858,Sex: Female,Total,35 to 39 years,F Construction,2020,5.0
48872,Sex: Female,Total,35 to 39 years,G-N Commercial services,2020,157.0
48886,Sex: Female,Total,35 to 39 years,"G-I Trade, transport, hotels, catering",2020,67.0
48900,Sex: Female,Total,35 to 39 years,G Wholesale and retail trade,2020,47.0
48914,Sex: Female,Total,35 to 39 years,H Transportation and storage,2020,10.0
48928,Sex: Female,Total,35 to 39 years,I Accommodation and food serving,2020,11.0
48942,Sex: Female,Total,35 to 39 years,J Information and communication,2020,10.0
48956,Sex: Female,Total,35 to 39 years,K Financial institutions,2020,13.0
48970,Sex: Female,Total,35 to 39 years,"L Renting, buying, selling real estate",2020,4.0
48984,Sex: Female,Total,35 to 39 years,M-N Business services,2020,63.0
48998,Sex: Female,Total,35 to 39 years,M Other specialised business services,2020,25.0
49012,Sex: Female,Total,35 to 39 years,N Renting and other business support,2020,38.0
49026,Sex: Female,Total,35 to 39 years,O-U Noncommercial services,2020,201.0
49040,Sex: Female,Total,35 to 39 years,O-Q Government and care,2020,186.0
49054,Sex: Female,Total,35 to 39 years,O Public administration and services,2020,25.0
49068,Sex: Female,Total,35 to 39 years,P Education,2020,45.0
49082,Sex: Female,Total,35 to 39 years,Q Health and social work activities,2020,116.0
49096,Sex: Female,Total,35 to 39 years,"R-U Culture, recreation, other services",2020,15.0
49110,Sex: Female,Total,35 to 39 years,"R Culture, sports and recreation",2020,6.0
49124,Sex: Female,Total,35 to 39 years,S Other service activities,2020,9.0
49138,Sex: Female,Total,40 to 44 years,A-U All economic activities,2020,379.0
49152,Sex: Female,Total,40 to 44 years,A-F Agriculture and industry,2020,30.0
49166,Sex: Female,Total,40 to 44 years,"A Agriculture, forestry and fishing",2020,3.0
49180,Sex: Female,Total,40 to 44 years,B-F Manifacturing and energy,2020,27.0
49194,Sex: Female,Total,40 to 44 years,"B-E Industry (no construction), energy",2020,21.0
49208,Sex: Female,Total,40 to 44 years,B Mining and quarrying ,2020,0.0
49222,Sex: Female,Total,40 to 44 years,C Manufacturing,2020,19.0
49236,Sex: Female,Total,40 to 44 years,D Energy supply,2020,1.0
49250,Sex: Female,Total,40 to 44 years,E Water supply and waste management,2020,1.0
49264,Sex: Female,Total,40 to 44 years,F Construction,2020,5.0
49278,Sex: Female,Total,40 to 44 years,G-N Commercial services,2020,153.0
49292,Sex: Female,Total,40 to 44 years,"G-I Trade, transport, hotels, catering",2020,66.0
49306,Sex: Female,Total,40 to 44 years,G Wholesale and retail trade,2020,46.0
49320,Sex: Female,Total,40 to 44 years,H Transportation and storage,2020,10.0
49334,Sex: Female,Total,40 to 44 years,I Accommodation and food serving,2020,10.0
49348,Sex: Female,Total,40 to 44 years,J Information and communication,2020,8.0
49362,Sex: Female,Total,40 to 44 years,K Financial institutions,2020,14.0
49376,Sex: Female,Total,40 to 44 years,"L Renting, buying, selling real estate",2020,4.0
49390,Sex: Female,Total,40 to 44 years,M-N Business services,2020,61.0
49404,Sex: Female,Total,40 to 44 years,M Other specialised business services,2020,23.0
49418,Sex: Female,Total,40 to 44 years,N Renting and other business support,2020,37.0
49432,Sex: Female,Total,40 to 44 years,O-U Noncommercial services,2020,196.0
49446,Sex: Female,Total,40 to 44 years,O-Q Government and care,2020,183.0
49460,Sex: Female,Total,40 to 44 years,O Public administration and services,2020,29.0
49474,Sex: Female,Total,40 to 44 years,P Education,2020,42.0
49488,Sex: Female,Total,40 to 44 years,Q Health and social work activities,2020,112.0
49502,Sex: Female,Total,40 to 44 years,"R-U Culture, recreation, other services",2020,14.0
49516,Sex: Female,Total,40 to 44 years,"R Culture, sports and recreation",2020,6.0
49530,Sex: Female,Total,40 to 44 years,S Other service activities,2020,8.0
49544,Sex: Female,Total,45 to 49 years,A-U All economic activities,2020,425.0
49558,Sex: Female,Total,45 to 49 years,A-F Agriculture and industry,2020,37.0
49572,Sex: Female,Total,45 to 49 years,"A Agriculture, forestry and fishing",2020,4.0
49586,Sex: Female,Total,45 to 49 years,B-F Manifacturing and energy,2020,33.0
49600,Sex: Female,Total,45 to 49 years,"B-E Industry (no construction), energy",2020,26.0
49614,Sex: Female,Total,45 to 49 years,B Mining and quarrying ,2020,0.0
49628,Sex: Female,Total,45 to 49 years,C Manufacturing,2020,24.0
49642,Sex: Female,Total,45 to 49 years,D Energy supply,2020,1.0
49656,Sex: Female,Total,45 to 49 years,E Water supply and waste management,2020,1.0
49670,Sex: Female,Total,45 to 49 years,F Construction,2020,6.0
49684,Sex: Female,Total,45 to 49 years,G-N Commercial services,2020,175.0
49698,Sex: Female,Total,45 to 49 years,"G-I Trade, transport, hotels, catering",2020,79.0
49712,Sex: Female,Total,45 to 49 years,G Wholesale and retail trade,2020,56.0
49726,Sex: Female,Total,45 to 49 years,H Transportation and storage,2020,13.0
49740,Sex: Female,Total,45 to 49 years,I Accommodation and food serving,2020,11.0
49754,Sex: Female,Total,45 to 49 years,J Information and communication,2020,8.0
49768,Sex: Female,Total,45 to 49 years,K Financial institutions,2020,17.0
49782,Sex: Female,Total,45 to 49 years,"L Renting, buying, selling real estate",2020,5.0
49796,Sex: Female,Total,45 to 49 years,M-N Business services,2020,67.0
49810,Sex: Female,Total,45 to 49 years,M Other specialised business services,2020,25.0
49824,Sex: Female,Total,45 to 49 years,N Renting and other business support,2020,42.0
49838,Sex: Female,Total,45 to 49 years,O-U Noncommercial services,2020,213.0
49852,Sex: Female,Total,45 to 49 years,O-Q Government and care,2020,198.0
49866,Sex: Female,Total,45 to 49 years,O Public administration and services,2020,32.0
49880,Sex: Female,Total,45 to 49 years,P Education,2020,40.0
49894,Sex: Female,Total,45 to 49 years,Q Health and social work activities,2020,125.0
49908,Sex: Female,Total,45 to 49 years,"R-U Culture, recreation, other services",2020,15.0
49922,Sex: Female,Total,45 to 49 years,"R Culture, sports and recreation",2020,6.0
49936,Sex: Female,Total,45 to 49 years,S Other service activities,2020,9.0
49950,Sex: Female,Total,50 to 54 years,A-U All economic activities,2020,454.0
49964,Sex: Female,Total,50 to 54 years,A-F Agriculture and industry,2020,38.0
49978,Sex: Female,Total,50 to 54 years,"A Agriculture, forestry and fishing",2020,4.0
49992,Sex: Female,Total,50 to 54 years,B-F Manifacturing and energy,2020,34.0
50006,Sex: Female,Total,50 to 54 years,"B-E Industry (no construction), energy",2020,28.0
50020,Sex: Female,Total,50 to 54 years,B Mining and quarrying ,2020,0.0
50034,Sex: Female,Total,50 to 54 years,C Manufacturing,2020,26.0
50048,Sex: Female,Total,50 to 54 years,D Energy supply,2020,1.0
50062,Sex: Female,Total,50 to 54 years,E Water supply and waste management,2020,1.0
50076,Sex: Female,Total,50 to 54 years,F Construction,2020,6.0
50090,Sex: Female,Total,50 to 54 years,G-N Commercial services,2020,176.0
50104,Sex: Female,Total,50 to 54 years,"G-I Trade, transport, hotels, catering",2020,83.0
50118,Sex: Female,Total,50 to 54 years,G Wholesale and retail trade,2020,57.0
50132,Sex: Female,Total,50 to 54 years,H Transportation and storage,2020,14.0
50146,Sex: Female,Total,50 to 54 years,I Accommodation and food serving,2020,12.0
50160,Sex: Female,Total,50 to 54 years,J Information and communication,2020,7.0
50174,Sex: Female,Total,50 to 54 years,K Financial institutions,2020,17.0
50188,Sex: Female,Total,50 to 54 years,"L Renting, buying, selling real estate",2020,5.0
50202,Sex: Female,Total,50 to 54 years,M-N Business services,2020,64.0
50216,Sex: Female,Total,50 to 54 years,M Other specialised business services,2020,23.0
50230,Sex: Female,Total,50 to 54 years,N Renting and other business support,2020,41.0
50244,Sex: Female,Total,50 to 54 years,O-U Noncommercial services,2020,240.0
50258,Sex: Female,Total,50 to 54 years,O-Q Government and care,2020,223.0
50272,Sex: Female,Total,50 to 54 years,O Public administration and services,2020,35.0
50286,Sex: Female,Total,50 to 54 years,P Education,2020,39.0
50300,Sex: Female,Total,50 to 54 years,Q Health and social work activities,2020,149.0
50314,Sex: Female,Total,50 to 54 years,"R-U Culture, recreation, other services",2020,17.0
50328,Sex: Female,Total,50 to 54 years,"R Culture, sports and recreation",2020,7.0
50342,Sex: Female,Total,50 to 54 years,S Other service activities,2020,10.0
50356,Sex: Female,Total,55 to 59 years,A-U All economic activities,2020,404.0
50370,Sex: Female,Total,55 to 59 years,A-F Agriculture and industry,2020,29.0
50384,Sex: Female,Total,55 to 59 years,"A Agriculture, forestry and fishing",2020,3.0
50398,Sex: Female,Total,55 to 59 years,B-F Manifacturing and energy,2020,26.0
50412,Sex: Female,Total,55 to 59 years,"B-E Industry (no construction), energy",2020,22.0
50426,Sex: Female,Total,55 to 59 years,B Mining and quarrying ,2020,0.0
50440,Sex: Female,Total,55 to 59 years,C Manufacturing,2020,20.0
50454,Sex: Female,Total,55 to 59 years,D Energy supply,2020,1.0
50468,Sex: Female,Total,55 to 59 years,E Water supply and waste management,2020,1.0
50482,Sex: Female,Total,55 to 59 years,F Construction,2020,4.0
50496,Sex: Female,Total,55 to 59 years,G-N Commercial services,2020,134.0
50510,Sex: Female,Total,55 to 59 years,"G-I Trade, transport, hotels, catering",2020,66.0
50524,Sex: Female,Total,55 to 59 years,G Wholesale and retail trade,2020,44.0
50538,Sex: Female,Total,55 to 59 years,H Transportation and storage,2020,12.0
50552,Sex: Female,Total,55 to 59 years,I Accommodation and food serving,2020,10.0
50566,Sex: Female,Total,55 to 59 years,J Information and communication,2020,5.0
50580,Sex: Female,Total,55 to 59 years,K Financial institutions,2020,11.0
50594,Sex: Female,Total,55 to 59 years,"L Renting, buying, selling real estate",2020,3.0
50608,Sex: Female,Total,55 to 59 years,M-N Business services,2020,49.0
50622,Sex: Female,Total,55 to 59 years,M Other specialised business services,2020,16.0
50636,Sex: Female,Total,55 to 59 years,N Renting and other business support,2020,33.0
50650,Sex: Female,Total,55 to 59 years,O-U Noncommercial services,2020,240.0
50664,Sex: Female,Total,55 to 59 years,O-Q Government and care,2020,225.0
50678,Sex: Female,Total,55 to 59 years,O Public administration and services,2020,33.0
50692,Sex: Female,Total,55 to 59 years,P Education,2020,40.0
50706,Sex: Female,Total,55 to 59 years,Q Health and social work activities,2020,152.0
50720,Sex: Female,Total,55 to 59 years,"R-U Culture, recreation, other services",2020,15.0
50734,Sex: Female,Total,55 to 59 years,"R Culture, sports and recreation",2020,6.0
50748,Sex: Female,Total,55 to 59 years,S Other service activities,2020,8.0
50762,Sex: Female,Total,60 to 64 years,A-U All economic activities,2020,273.0
50776,Sex: Female,Total,60 to 64 years,A-F Agriculture and industry,2020,18.0
50790,Sex: Female,Total,60 to 64 years,"A Agriculture, forestry and fishing",2020,2.0
50804,Sex: Female,Total,60 to 64 years,B-F Manifacturing and energy,2020,16.0
50818,Sex: Female,Total,60 to 64 years,"B-E Industry (no construction), energy",2020,14.0
50832,Sex: Female,Total,60 to 64 years,B Mining and quarrying ,2020,0.0
50846,Sex: Female,Total,60 to 64 years,C Manufacturing,2020,13.0
50860,Sex: Female,Total,60 to 64 years,D Energy supply,2020,0.0
50874,Sex: Female,Total,60 to 64 years,E Water supply and waste management,2020,0.0
50888,Sex: Female,Total,60 to 64 years,F Construction,2020,2.0
50902,Sex: Female,Total,60 to 64 years,G-N Commercial services,2020,81.0
50916,Sex: Female,Total,60 to 64 years,"G-I Trade, transport, hotels, catering",2020,41.0
50930,Sex: Female,Total,60 to 64 years,G Wholesale and retail trade,2020,27.0
50944,Sex: Female,Total,60 to 64 years,H Transportation and storage,2020,8.0
50958,Sex: Female,Total,60 to 64 years,I Accommodation and food serving,2020,7.0
50972,Sex: Female,Total,60 to 64 years,J Information and communication,2020,3.0
50986,Sex: Female,Total,60 to 64 years,K Financial institutions,2020,6.0
51000,Sex: Female,Total,60 to 64 years,"L Renting, buying, selling real estate",2020,2.0
51014,Sex: Female,Total,60 to 64 years,M-N Business services,2020,29.0
51028,Sex: Female,Total,60 to 64 years,M Other specialised business services,2020,9.0
51042,Sex: Female,Total,60 to 64 years,N Renting and other business support,2020,19.0
51056,Sex: Female,Total,60 to 64 years,O-U Noncommercial services,2020,174.0
51070,Sex: Female,Total,60 to 64 years,O-Q Government and care,2020,164.0
51084,Sex: Female,Total,60 to 64 years,O Public administration and services,2020,21.0
51098,Sex: Female,Total,60 to 64 years,P Education,2020,34.0
51112,Sex: Female,Total,60 to 64 years,Q Health and social work activities,2020,109.0
51126,Sex: Female,Total,60 to 64 years,"R-U Culture, recreation, other services",2020,11.0
51140,Sex: Female,Total,60 to 64 years,"R Culture, sports and recreation",2020,5.0
51154,Sex: Female,Total,60 to 64 years,S Other service activities,2020,6.0
51168,Sex: Female,Total,65 to 74 years,A-U All economic activities,2020,64.0
51182,Sex: Female,Total,65 to 74 years,A-F Agriculture and industry,2020,5.0
51196,Sex: Female,Total,65 to 74 years,"A Agriculture, forestry and fishing",2020,1.0
51210,Sex: Female,Total,65 to 74 years,B-F Manifacturing and energy,2020,4.0
51224,Sex: Female,Total,65 to 74 years,"B-E Industry (no construction), energy",2020,3.0
51238,Sex: Female,Total,65 to 74 years,B Mining and quarrying ,2020,0.0
51252,Sex: Female,Total,65 to 74 years,C Manufacturing,2020,3.0
51266,Sex: Female,Total,65 to 74 years,D Energy supply,2020,0.0
51280,Sex: Female,Total,65 to 74 years,E Water supply and waste management,2020,0.0
51294,Sex: Female,Total,65 to 74 years,F Construction,2020,1.0
51308,Sex: Female,Total,65 to 74 years,G-N Commercial services,2020,25.0
51322,Sex: Female,Total,65 to 74 years,"G-I Trade, transport, hotels, catering",2020,12.0
51336,Sex: Female,Total,65 to 74 years,G Wholesale and retail trade,2020,8.0
51350,Sex: Female,Total,65 to 74 years,H Transportation and storage,2020,2.0
51364,Sex: Female,Total,65 to 74 years,I Accommodation and food serving,2020,2.0
51378,Sex: Female,Total,65 to 74 years,J Information and communication,2020,1.0
51392,Sex: Female,Total,65 to 74 years,K Financial institutions,2020,2.0
51406,Sex: Female,Total,65 to 74 years,"L Renting, buying, selling real estate",2020,1.0
51420,Sex: Female,Total,65 to 74 years,M-N Business services,2020,9.0
51434,Sex: Female,Total,65 to 74 years,M Other specialised business services,2020,3.0
51448,Sex: Female,Total,65 to 74 years,N Renting and other business support,2020,6.0
51462,Sex: Female,Total,65 to 74 years,O-U Noncommercial services,2020,33.0
51476,Sex: Female,Total,65 to 74 years,O-Q Government and care,2020,30.0
51490,Sex: Female,Total,65 to 74 years,O Public administration and services,2020,4.0
51504,Sex: Female,Total,65 to 74 years,P Education,2020,7.0
51518,Sex: Female,Total,65 to 74 years,Q Health and social work activities,2020,20.0
51532,Sex: Female,Total,65 to 74 years,"R-U Culture, recreation, other services",2020,3.0
51546,Sex: Female,Total,65 to 74 years,"R Culture, sports and recreation",2020,1.0
51560,Sex: Female,Total,65 to 74 years,S Other service activities,2020,2.0
51574,Sex: Female,Total,75 years or older,A-U All economic activities,2020,3.0
51588,Sex: Female,Total,75 years or older,A-F Agriculture and industry,2020,0.0
51602,Sex: Female,Total,75 years or older,"A Agriculture, forestry and fishing",2020,0.0
51616,Sex: Female,Total,75 years or older,B-F Manifacturing and energy,2020,0.0
51630,Sex: Female,Total,75 years or older,"B-E Industry (no construction), energy",2020,0.0
51644,Sex: Female,Total,75 years or older,B Mining and quarrying ,2020,0.0
51658,Sex: Female,Total,75 years or older,C Manufacturing,2020,0.0
51672,Sex: Female,Total,75 years or older,D Energy supply,2020,0.0
51686,Sex: Female,Total,75 years or older,E Water supply and waste management,2020,0.0
51700,Sex: Female,Total,75 years or older,F Construction,2020,0.0
51714,Sex: Female,Total,75 years or older,G-N Commercial services,2020,2.0
51728,Sex: Female,Total,75 years or older,"G-I Trade, transport, hotels, catering",2020,1.0
51742,Sex: Female,Total,75 years or older,G Wholesale and retail trade,2020,1.0
51756,Sex: Female,Total,75 years or older,H Transportation and storage,2020,0.0
51770,Sex: Female,Total,75 years or older,I Accommodation and food serving,2020,0.0
51784,Sex: Female,Total,75 years or older,J Information and communication,2020,0.0
51798,Sex: Female,Total,75 years or older,K Financial institutions,2020,1.0
51812,Sex: Female,Total,75 years or older,"L Renting, buying, selling real estate",2020,0.0
51826,Sex: Female,Total,75 years or older,M-N Business services,2020,1.0
51840,Sex: Female,Total,75 years or older,M Other specialised business services,2020,0.0
51854,Sex: Female,Total,75 years or older,N Renting and other business support,2020,0.0
51868,Sex: Female,Total,75 years or older,O-U Noncommercial services,2020,1.0
51882,Sex: Female,Total,75 years or older,O-Q Government and care,2020,0.0
51896,Sex: Female,Total,75 years or older,O Public administration and services,2020,0.0
51910,Sex: Female,Total,75 years or older,P Education,2020,0.0
51924,Sex: Female,Total,75 years or older,Q Health and social work activities,2020,0.0
51938,Sex: Female,Total,75 years or older,"R-U Culture, recreation, other services",2020,0.0
51952,Sex: Female,Total,75 years or older,"R Culture, sports and recreation",2020,0.0
51966,Sex: Female,Total,75 years or older,S Other service activities,2020,0.0
